,pitch_type,game_date,release_speed,release_pos_x,release_pos_z,player_name,batter,pitcher,events,description,spin_dir,spin_rate_deprecated,break_angle_deprecated,break_length_deprecated,zone,des,game_type,stand,p_throws,home_team,away_team,type,hit_location,bb_type,balls,strikes,game_year,pfx_x,pfx_z,plate_x,plate_z,on_3b,on_2b,on_1b,outs_when_up,inning,inning_topbot,hc_x,hc_y,tfs_deprecated,tfs_zulu_deprecated,umpire,sv_id,vx0,vy0,vz0,ax,ay,az,sz_top,sz_bot,hit_distance_sc,launch_speed,launch_angle,effective_speed,release_spin_rate,release_extension,game_pk,fielder_2,fielder_3,fielder_4,fielder_5,fielder_6,fielder_7,fielder_8,fielder_9,release_pos_y,estimated_ba_using_speedangle,estimated_woba_using_speedangle,woba_value,woba_denom,babip_value,iso_value,launch_speed_angle,at_bat_number,pitch_number,pitch_name,home_score,away_score,bat_score,fld_score,post_away_score,post_home_score,post_bat_score,post_fld_score,if_fielding_alignment,of_fielding_alignment,spin_axis,delta_home_win_exp,delta_run_exp,bat_speed,swing_length,miss_distance,estimated_slg_using_speedangle,delta_pitcher_run_exp,hyper_speed,home_score_diff,bat_score_diff,home_win_exp,bat_win_exp,age_pit_legacy,age_bat_legacy,age_pit,age_bat,n_thruorder_pitcher,n_priorpa_thisgame_player_at_bat,pitcher_days_since_prev_game,batter_days_since_prev_game,pitcher_days_until_next_game,batter_days_until_next_game,api_break_z_with_gravity,api_break_x_arm,api_break_x_batter_in,arm_angle,attack_angle,attack_direction,swing_path_tilt,intercept_ball_minus_batter_pos_x_inches,intercept_ball_minus_batter_pos_y_inches
163,FC,2026-03-25,96.8,-1.49,5.45,"Doval, Camilo",669477,666808,field_out,hit_into_play,,,,,6,Casey Schmitt flies out to right fielder Aaron Judge.,R,R,R,SF,NYY,X,9,fly_ball,0,0,2026,-0.07,0.9,0.7385629918249196,2.496358914800357,642715,,,2,9,Bot,199.7,101.67,,,,,6.035817081694398,-140.87142510185035,-4.265087056728162,-2.2741099393887945,29.78545476929133,-19.36621022583958,3.196309055,1.613090551,301,95.0,39,97.0,2575,6.2,823244,669224,700250,665862,641857,676609,641355,663757,592450,54.26,0.06,0.109,0.0,1,0,0,3,74,1,Cutter,0,7,0,7,7,0,0,7,Strategic,Standard,206,-0.001,-0.298,69.2,7.3,,0.211,0.298,95.0,-7,-7,0.001,0.001,28,27,29,27,1,3,,,2,2,1.52,0.07,0.07,19.8,1.3832583725976262,3.289765374538093,32.98394233365489,40.29411970246977,25.856638459431174
174,CH,2026-03-25,94.2,-1.48,5.23,"Doval, Camilo",671218,666808,field_out,hit_into_play,,,,,9,"Heliot Ramos grounds out, shortstop José Caballero to first baseman Ben Rice. Willy Adames to 3rd.",R,R,R,SF,NYY,X,6,ground_ball,3,1,2026,-0.86,0.6,0.4547529024011359,1.7258041498929138,,642715,,1,9,Bot,118.87,161.82,,,,,6.902702977442395,-137.0469093264197,-4.52828547648687,-12.341684631922368,30.86723785293916,-23.76307906808606,3.18402231,1.606889764,3,65.7,-29,94.3,2541,6.4,823244,669224,700250,665862,641857,676609,641355,663757,592450,54.09,0.057,0.051,0.0,1,0,0,2,73,5,Changeup,0,7,0,7,7,0,0,7,Strategic,Standard,219,-0.001,-0.346,77.0,7.5,,0.058,0.346,88.0,-7,-7,0.002,0.002,28,26,29,27,1,3,,,2,2,1.97,0.86,0.86,16.6,13.82293059407906,-7.728464450239218,35.28473645677244,41.87338383057498,34.23236622942284
177,FC,2026-03-25,96.8,-1.57,5.32,"Doval, Camilo",671218,666808,,ball,,,,,14,,R,R,R,SF,NYY,B,,,2,1,2026,0.02,0.78,2.5762664647627203,1.4693940055155967,,642715,,1,9,Bot,,,,,,,10.852504197456858,-140.6582089798246,-6.341822592561796,-1.9190731279921356,29.056035283568622,-20.59193919481502,3.18402231,1.606889764,,,,97.2,2572,6.4,823244,669224,700250,665862,641857,676609,641355,663757,592450,54.13,,,,,,,,73,4,Cutter,0,7,0,7,7,0,0,7,Strategic,Standard,226,0.001,0.074,,,,,-0.074,,-7,-7,0.001,0.001,28,26,29,27,1,3,,,2,2,1.64,-0.02,-0.02,18.0,,,,,
184,SI,2026-03-25,95.4,-1.26,5.31,"Doval, Camilo",671218,666808,,ball,,,,,14,,R,R,R,SF,NYY,B,,,1,1,2026,-0.21,0.52,2.221672808631401,0.7209517106957275,,,642715,1,9,Bot,,,,,,,9.510267045347891,-138.47373237628184,-7.333003124001567,-4.862552617845901,30.59934744594497,-24.00703392071021,3.18402231,1.606889764,,,,95.2,2595,6.3,823244,669224,700250,665862,641857,676609,641355,663757,592450,54.2,,,,,,,,73,3,Sinker,0,7,0,7,7,0,0,7,Strategic,Standard,210,0.0,0.062,,,,,-0.062,,-7,-7,0.001,0.001,28,26,29,27,1,3,,,2,2,2.0,0.21,0.21,18.5,,,,,
192,SI,2026-03-25,95.2,-1.49,5.39,"Doval, Camilo",671218,666808,,ball,,,,,14,,R,R,R,SF,NYY,B,,,0,1,2026,-0.39,0.59,2.1713789784362074,1.0891697276534968,,,642715,1,9,Bot,,,,,,,10.356739157699629,-138.16347682970533,-6.7085201392542455,-7.341665397813572,32.17133116255792,-23.196676301058545,3.18402231,1.606889764,,,,94.9,2572,6.4,823244,669224,700250,665862,641857,676609,641355,663757,592450,54.14,,,,,,,,73,2,Sinker,0,7,0,7,7,0,0,7,Strategic,Standard,213,0.0,0.027,,,,,-0.027,,-7,-7,0.001,0.001,28,26,29,27,1,3,,,2,2,1.95,0.39,0.39,19.0,,,,,
199,SI,2026-03-25,95.0,-1.47,5.28,"Doval, Camilo",671218,666808,,called_strike,,,,,14,,R,R,R,SF,NYY,S,,,0,0,2026,-0.56,0.14,0.2568385468145777,1.4075622515833284,,,642715,1,9,Bot,,,,,,,5.747180252382254,-138.2224974967034,-4.601680977619587,-8.407976669954525,30.09949689179843,-29.56161214362657,3.18402231,1.606889764,,,,95.2,2480,6.4,823244,669224,700250,665862,641857,676609,641355,663757,592450,54.11,,,,,,,,73,1,Sinker,0,7,0,7,7,0,0,7,Strategic,Standard,211,0.0,-0.037,,,,,0.037,,-7,-7,0.001,0.001,28,26,29,27,1,3,,,2,2,2.38,0.56,0.56,17.0,,,,,
208,SI,2026-03-25,95.6,-1.71,5.28,"Doval, Camilo",808982,666808,field_out,hit_into_play,,,,,8,Jung Hoo Lee lines out to center fielder Trent Grisham.,R,L,R,SF,NYY,X,8,line_drive,2,2,2026,-0.73,0.2,-0.1308556840409781,2.114627141376114,,,642715,0,9,Bot,123.94,78.21,,,,,5.790743077811874,-139.18349856992484,-3.028543335943638,-10.755729082822429,28.385329706203198,-29.12928465322804,3.22351542,1.626820866,303,90.7,18,96.2,2375,6.4,823244,669224,700250,665862,641857,676609,641355,663757,592450,54.11,0.62,0.558,0.0,1,0,0,4,72,5,Sinker,0,7,0,7,7,0,0,7,Standard,Standard,216,-0.003,-0.22,69.9,7.7,,0.705,0.22,90.7,-7,-7,0.004,0.004,28,27,29,28,1,3,,,2,2,2.27,0.73,-0.73,14.7,-4.577515311768166,-2.405195761231363,39.74188292197619,31.14877468334273,28.673685597760898
210,FC,2026-03-25,96.6,-1.49,5.38,"Doval, Camilo",808982,666808,,foul,,,,,2,,R,L,R,SF,NYY,S,,,2,1,2026,-0.32,0.64,0.2754699265249312,3.096464054894243,,,642715,0,9,Bot,,,,,,,5.3822488456602615,-140.71932385389434,-1.89292792899596,-5.3272451126713705,28.0907459491136,-23.401499434346903,3.22351542,1.626820866,4,80.1,-39,97.3,2388,6.4,823244,669224,700250,665862,641857,676609,641355,663757,592450,54.12,,,,,,,,72,4,Cutter,0,7,0,7,7,0,0,7,Standard,Standard,219,-0.001,-0.069,64.9,7.0,,,0.069,88.0,-7,-7,0.005,0.005,28,27,29,28,1,3,,,2,2,1.77,0.32,-0.32,20.0,21.281634726663395,4.393383093945775,25.115392823694734,27.46048605306661,31.34655967419621
221,SL,2026-03-25,88.1,-1.27,5.39,"Doval, Camilo",808982,666808,,blocked_ball,,,,,14,,R,L,R,SF,NYY,B,,,1,1,2026,0.34,-0.27,1.282016239548553,0.5399295534529815,,,642715,0,9,Bot,,,,,,,5.384392711273323,-128.23422275056168,-4.881549089560794,2.6740170964140333,25.486341819102464,-34.37635655892042,3.22351542,1.626820866,,,,88.0,2450,6.1,823244,669224,700250,665862,641857,676609,641355,663757,592450,54.36,,,,,,,,72,3,Slider,0,7,0,7,7,0,0,7,Standard,Standard,59,0.001,0.059,,,,,-0.059,,-7,-7,0.004,0.004,28,27,29,28,1,3,,,2,2,3.19,-0.34,0.34,21.4,,,,,
226,FC,2026-03-25,96.6,-1.57,5.37,"Doval, Camilo",808982,666808,,swinging_strike,,,,,14,,R,L,R,SF,NYY,S,,,1,0,2026,-0.32,0.8,1.3641786476784743,2.0207749821602534,,,642715,0,9,Bot,,,,,,,8.43674321666718,-140.5370817189412,-5.057890722008344,-5.979829536209998,27.73452358373302,-20.612538465560764,3.22351542,1.626820866,,,,97.1,2535,6.3,823244,669224,700250,665862,641857,676609,641355,663757,592450,54.23,,,,,,,,72,2,Cutter,0,7,0,7,7,0,0,7,Standard,Standard,220,-0.001,-0.053,70.0,8.7,1.48950636,,0.053,,-7,-7,0.005,0.005,28,27,29,28,1,3,,,2,2,1.62,0.32,-0.32,17.6,16.40441570704562,-35.92230918690396,42.10203407104718,14.39401668548542,38.87337940746859
236,FC,2026-03-25,97.3,-1.5,5.28,"Doval, Camilo",808982,666808,,ball,,,,,14,,R,L,R,SF,NYY,B,,,0,0,2026,-0.33,0.87,0.2012287087507743,1.2886146446381386,,,642715,0,9,Bot,,,,,,,5.273576438108776,-141.62162228741076,-7.08987264666003,-5.428907920863357,26.21416161842251,-19.15455381089048,3.22351542,1.626820866,,,,98.2,2572,6.3,823244,669224,700250,665862,641857,676609,641355,663757,592450,54.16,,,,,,,,72,1,Cutter,0,7,0,7,7,0,0,7,Standard,Standard,220,0.001,0.037,,,,,-0.037,,-7,-7,0.004,0.004,28,27,29,28,1,3,,,2,2,1.5,0.33,-0.33,15.8,,,,,
246,FC,2026-03-25,96.2,-1.46,5.39,"Doval, Camilo",642715,666808,field_error,hit_into_play,,,,,8,Willy Adames reaches on a fielding error by shortstop José Caballero.,R,R,R,SF,NYY,X,6,ground_ball,1,0,2026,-0.13,1.1,0.2738393320548755,2.0294736538116744,,,,0,9,Bot,111.78,151.68,,,,,4.844682939818714,-139.95889371746492,-5.644280020409273,-2.813477414031894,30.94696760370095,-16.70062902128813,3.22351542,1.626820866,22,72.6,-3,96.2,2619,6.3,823244,669224,700250,665862,641857,676609,641355,663757,592450,54.23,0.07,0.063,0.9,1,0,0,2,71,2,Cutter,0,7,0,7,7,0,0,7,Strategic,Standard,218,0.003,0.441,71.3,8.1,,0.08,-0.441,88.0,-7,-7,0.001,0.001,28,30,29,31,1,3,,,2,2,1.36,0.13,0.13,17.4,18.028975572959222,-0.4837429400744107,34.95150554665129,43.64717223203197,31.089565507362963
256,SL,2026-03-25,87.4,-1.63,5.25,"Doval, Camilo",642715,666808,,ball,,,,,14,,R,R,R,SF,NYY,B,,,0,0,2026,0.34,-0.12,1.5913826631174728,2.1471026379585783,,,,0,9,Bot,,,,,,,6.957648064079806,-127.17328843434488,-0.8345701419532119,2.1577222926279056,27.64638184417864,-33.51073391020633,3.22351542,1.626820866,,,,87.4,2644,6.4,823244,669224,700250,665862,641857,676609,641355,663757,592450,54.07,,,,,,,,71,1,Slider,0,7,0,7,7,0,0,7,Strategic,Standard,72,0.0,0.042,,,,,-0.042,,-7,-7,0.001,0.001,28,30,29,31,1,3,,,2,2,3.12,-0.34,-0.34,17.4,,,,,
182,KC,2026-03-25,82.8,-2.4,5.9,"Kilian, Caleb",700250,668873,strikeout,swinging_strike,,,,,14,Ben Rice strikes out swinging.,R,L,R,SF,NYY,S,2,,1,2,2026,0.78,-1.35,0.1370029733594377,0.9594979694233324,,,,2,9,Top,,,,,,,4.178736856540614,-120.49007149825565,-1.730029451545423,6.61361743179449,26.95808715001367,-45.05136771580658,3.280561024,1.655610236,,,,82.8,2875,6.6,823244,672275,669477,650333,656305,642715,671218,664056,808982,53.86,,0.0,0.0,1,0,0,,70,4,Knuckle Curve,0,7,7,0,7,0,7,0,Infield shade,Standard,31,0.0,-0.184,68.4,8.6,1.887989016,,0.184,,-7,7,0.001,0.999,29,27,29,27,1,4,,,7,3,4.72,-0.78,0.78,45.2,19.651813958934007,-31.441151472444822,32.819857750344454,36.33444768825463,44.42239573368285
194,KC,2026-03-25,82.8,-2.49,5.9,"Kilian, Caleb",700250,668873,,ball,,,,,14,,R,L,R,SF,NYY,B,,,0,2,2026,0.9,-1.12,0.1522166811544582,0.0121493554895391,,,,2,9,Top,,,,,,,4.199875430474491,-120.40841247339756,-4.311580296603668,7.605315391105425,28.10489936829387,-42.18471258764064,3.280561024,1.655610236,,,,82.9,2819,6.8,823244,672275,669477,650333,656305,642715,671218,664056,808982,53.67,,,,,,,,70,3,Knuckle Curve,0,7,7,0,7,0,7,0,Infield shade,Standard,29,0.0,0.029,,,,,-0.029,,-7,7,0.001,0.999,29,27,29,27,1,4,,,7,3,4.51,-0.9,0.9,48.1,,,,,
201,FF,2026-03-25,98.8,-2.48,5.91,"Kilian, Caleb",700250,668873,,foul,,,,,1,,R,L,R,SF,NYY,S,,,0,1,2026,-0.36,1.51,-0.6511882909122042,3.2606165904872606,,,,2,9,Top,,,,,,,5.80827890791982,-143.68153391342994,-5.196471441413192,-6.382594659716493,32.984428248409216,-10.2099076470215,3.280561024,1.655610236,289,87.3,30,99.4,2424,6.7,823244,672275,669477,650333,656305,642715,671218,664056,808982,53.84,,,,,,,,70,2,4-Seam Fastball,0,7,7,0,7,0,7,0,Infield shade,Standard,208,0.0,-0.062,68.4,5.7,,,0.062,88.0,-7,7,0.001,0.999,29,27,29,27,1,4,,,7,3,0.82,0.36,-0.36,47.1,-13.200895393793724,37.244496845734695,28.19696529294641,44.06959202850355,0.060728596465692
203,SL,2026-03-25,90.7,-2.51,5.86,"Kilian, Caleb",700250,668873,,called_strike,,,,,7,,R,L,R,SF,NYY,S,,,0,0,2026,0.11,0.46,-0.4958817924125469,1.8607569746627144,,,,2,9,Top,,,,,,,4.776343497942875,-132.04950647387028,-4.912992422343577,0.2935313346248567,26.58938890496265,-25.992642107539528,3.280561024,1.655610236,,,,91.6,2538,6.7,823244,672275,669477,650333,656305,642715,671218,664056,808982,53.8,,,,,,,,70,1,Slider,0,7,7,0,7,0,7,0,Infield shade,Standard,169,0.0,-0.046,,,,,0.046,,-7,7,0.001,0.999,29,27,29,27,1,4,,,7,3,2.3,-0.11,0.11,49.4,,,,,
212,FF,2026-03-25,98.2,-2.49,5.84,"Kilian, Caleb",641355,668873,field_out,hit_into_play,,,,,13,"Cody Bellinger grounds out, second baseman Luis Arraez to first baseman Casey Schmitt.",R,L,R,SF,NYY,X,4,ground_ball,3,1,2026,-0.39,1.44,-0.8377642610646989,1.4374822560038738,,,,1,9,Top,153.84,157.76,,,,,5.378981629647207,-142.7450220672138,-9.689982784856625,-6.551424601818531,32.472906119777804,-10.376737119776683,3.344627625,1.687942913,2,86.6,-40,99.2,2449,6.9,823244,672275,669477,650333,656305,642715,671218,664056,808982,53.64,0.062,0.063,0.0,1,0,0,2,69,5,4-Seam Fastball,0,7,7,0,7,0,7,0,Infield shade,Standard,205,0.0,-0.436,68.5,8.5,,0.066,0.436,88.0,-7,7,0.001,0.999,29,30,29,31,1,4,,,7,2,0.92,0.39,-0.39,47.5,13.710751750231983,5.67161867334084,38.03098583875714,39.94688456737984,23.67486160304557
218,FF,2026-03-25,97.8,-2.32,5.9,"Kilian, Caleb",641355,668873,,called_strike,,,,,2,,R,L,R,SF,NYY,S,,,3,0,2026,-0.39,1.39,-0.2646718104552508,2.897066147297143,,,,1,9,Top,,,,,,,6.447133695414628,-142.16827819220617,-5.694198914684386,-6.815680857939156,32.592733469538445,-12.175079339978018,3.344627625,1.687942913,,,,98.7,2460,6.8,823244,672275,669477,650333,656305,642715,671218,664056,808982,53.67,,,,,,,,69,4,4-Seam Fastball,0,7,7,0,7,0,7,0,Infield shade,Standard,204,0.0,-0.078,,,,,0.078,,-7,7,0.001,0.999,29,30,29,31,1,4,,,7,2,1.0,0.39,-0.39,45.9,,,,,
229,FF,2026-03-25,98.5,-2.43,5.79,"Kilian, Caleb",641355,668873,,ball,,,,,14,,R,L,R,SF,NYY,B,,,2,0,2026,-0.51,1.5,0.5982656422295126,0.965823448513744,,,,1,9,Top,,,,,,,9.364349122813053,-142.8739244692606,-10.985520679029731,-9.091008934324064,32.27404383287865,-9.13561028609163,3.344627625,1.687942913,,,,99.2,2480,6.8,823244,672275,669477,650333,656305,642715,671218,664056,808982,53.71,,,,,,,,69,3,4-Seam Fastball,0,7,7,0,7,0,7,0,Infield shade,Standard,210,0.0,0.137,,,,,-0.137,,-7,7,0.001,0.999,29,30,29,31,1,4,,,7,2,0.86,0.51,-0.51,48.9,,,,,
241,FF,2026-03-25,98.3,-2.35,5.85,"Kilian, Caleb",641355,668873,,ball,,,,,14,,R,L,R,SF,NYY,B,,,1,0,2026,-0.55,1.32,0.4600559827353409,1.5153845978807523,,,,1,9,Top,,,,,,,8.88227991825749,-142.63123556992386,-9.227755231217888,-9.50859106747732,31.76491903033281,-12.122001953555667,3.344627625,1.687942913,,,,99.2,2464,6.9,823244,672275,669477,650333,656305,642715,671218,664056,808982,53.62,,,,,,,,69,2,4-Seam Fastball,0,7,7,0,7,0,7,0,Infield shade,Standard,208,0.0,0.075,,,,,-0.075,,-7,7,0.001,0.999,29,30,29,31,1,4,,,7,2,1.04,0.55,-0.55,47.0,,,,,
249,FF,2026-03-25,97.5,-2.31,5.89,"Kilian, Caleb",641355,668873,,ball,,,,,12,,R,L,R,SF,NYY,B,,,0,0,2026,-0.28,1.41,1.220488002211713,2.7348492464844822,,,,1,9,Top,,,,,,,10.08303631671554,-141.61764054691062,-6.103761575917866,-6.077760019283458,32.12668723335248,-11.905316740626482,3.344627625,1.687942913,,,,98.2,2434,6.8,823244,672275,669477,650333,656305,642715,671218,664056,808982,53.73,,,,,,,,69,1,4-Seam Fastball,0,7,7,0,7,0,7,0,Infield shade,Standard,202,0.0,0.041,,,,,-0.041,,-7,7,0.001,0.999,29,30,29,31,1,4,,,7,2,0.99,0.28,-0.28,48.7,,,,,
252,SI,2026-03-25,97.2,-2.43,5.85,"Kilian, Caleb",592450,668873,field_out,hit_into_play,,,,,4,"Aaron Judge grounds out, third baseman Matt Chapman to first baseman Casey Schmitt.",R,R,R,SF,NYY,X,5,ground_ball,0,0,2026,-1.33,0.98,-0.3393108461005325,2.321627461995312,,,,0,9,Top,97.92,151.14,,,,,8.693282044901052,-141.2653855990632,-6.022398673392693,-19.776369465677053,31.333103822518183,-17.87180555400079,3.522785433,1.777854331,8,96.6,-17,97.9,2439,6.7,823244,672275,669477,650333,656305,642715,671218,664056,808982,53.82,0.162,0.146,0.0,1,0,0,2,68,1,Sinker,0,7,7,0,7,0,7,0,Infield shade,Standard,210,0.0,-0.259,76.1,7.8,,0.175,0.259,96.6,-7,7,0.001,0.999,29,34,29,34,1,4,,,7,2,1.44,1.33,1.33,49.8,5.5394470754091,5.124595590105296,41.17599009079159,37.030428088513055,22.759356158981728
157,SL,2026-03-25,84.5,1.68,6.34,"Headrick, Brent",646240,687396,field_out,hit_into_play,,,,,13,Rafael Devers flies out to center fielder Trent Grisham.,R,L,L,SF,NYY,X,8,fly_ball,1,2,2026,-0.44,0.63,-0.9195364216849274,1.2869604817178375,,650333,656305,2,8,Bot,129.75,70.47,,,,,-5.147797313407061,-122.85628541288791,-6.469398208494353,-3.413637917952464,24.373589959921155,-24.735141161246883,3.217372047,1.623720472,319,84.4,31,85.4,2117,6.9,823244,669224,700250,665862,641857,676609,641355,663757,592450,53.56,0.049,0.058,0.0,1,0,0,3,67,4,Slider,0,7,0,7,7,0,0,7,Standard,Standard,161,-0.002,-0.206,62.5,8.2,,0.09,0.206,88.0,-7,-7,0.003,0.003,28,29,29,30,1,3,,,3,2,2.57,-0.44,-0.44,40.1,10.534139559262464,-3.897518649387213,30.02134013088493,44.18108208041597,34.79573965033809
159,SL,2026-03-25,84.3,1.83,6.37,"Headrick, Brent",646240,687396,,swinging_strike,,,,,7,,R,L,L,SF,NYY,S,,,1,1,2026,-0.3,0.56,-0.5617499344922393,1.6422026793372808,,650333,656305,2,8,Bot,,,,,,,-4.936435379352713,-122.70157275187732,-5.581262817529653,-2.1108272597969804,23.00832814792553,-25.64603681544645,3.217372047,1.623720472,,,,85.4,2113,6.9,823244,669224,700250,665862,641857,676609,641355,663757,592450,53.62,,,,,,,,67,3,Slider,0,7,0,7,7,0,0,7,Standard,Standard,164,-0.001,-0.061,68.7,8.8,3.014326536,,0.061,,-7,-7,0.004,0.004,28,29,29,30,1,3,,,3,2,2.63,-0.3,-0.3,40.8,23.6670115363204,-35.83209913848961,30.578842015266783,39.046483927429335,51.94285678753859
168,SI,2026-03-25,92.8,1.67,6.42,"Headrick, Brent",646240,687396,,foul,,,,,9,,R,L,L,SF,NYY,S,,,1,0,2026,1.19,1.09,0.2780912368684352,2.040275682731478,,650333,656305,2,8,Bot,,,,,,,-6.244762247861249,-134.86994152606772,-7.663437989426161,15.88943705868271,29.01701299981047,-17.345526711951802,3.217372047,1.623720472,236,75.7,37,93.9,2468,7.0,823244,669224,700250,665862,641857,676609,641355,663757,592450,53.54,,,,,,,,67,2,Sinker,0,7,0,7,7,0,0,7,Standard,Standard,147,0.0,-0.047,69.7,7.5,,,0.047,88.0,-7,-7,0.004,0.004,28,29,29,30,1,3,,,3,2,1.56,1.19,1.19,41.6,-2.817240023629335,23.781162101875964,32.9563821713966,32.996359263999985,16.22679263420398
173,SI,2026-03-25,92.0,1.64,6.43,"Headrick, Brent",646240,687396,,ball,,,,,14,,R,L,L,SF,NYY,B,,,0,0,2026,1.25,1.15,0.1594361216455768,1.3378299695328508,,650333,656305,2,8,Bot,,,,,,,-6.557236381573343,-133.52173797954978,-9.376692941299506,16.410343565071187,30.11104738207719,-16.56021067502125,3.217372047,1.623720472,,,,92.8,2325,7.0,823244,669224,700250,665862,641857,676609,641355,663757,592450,53.5,,,,,,,,67,1,Sinker,0,7,0,7,7,0,0,7,Standard,Standard,149,0.0,0.029,,,,,-0.029,,-7,-7,0.004,0.004,28,29,29,30,1,3,,,3,2,1.57,1.25,1.25,41.1,,,,,
179,FF,2026-03-25,93.7,1.76,6.42,"Headrick, Brent",656305,687396,walk,ball,,,,,12,Matt Chapman walks. Luis Arraez to 2nd.,R,R,L,SF,NYY,B,,,3,1,2026,0.65,1.51,1.3140922512802424,3.107093517735714,,,650333,2,8,Bot,,,,,,,-2.6098471301150337,-136.37654408073342,-6.032924051847003,8.648889671136603,30.65414974944968,-12.25736555822049,3.250721785,1.640551181,,,,94.6,2387,6.8,823244,669224,700250,665862,641857,676609,641355,663757,592450,53.67,,0.69822,0.7,1,0,0,,66,5,4-Seam Fastball,0,7,0,7,7,0,0,7,Infield shade,Standard,147,0.001,0.126,,,,,-0.126,,-7,-7,0.003,0.003,28,33,29,33,1,3,,,3,2,1.09,0.65,-0.65,44.1,,,,,
183,FF,2026-03-25,94.3,1.72,6.39,"Headrick, Brent",656305,687396,,ball,,,,,13,,R,R,L,SF,NYY,B,,,2,1,2026,0.55,1.55,-0.9747269436999868,2.2539694233270646,,,650333,2,8,Bot,,,,,,,-8.249425394710501,-136.91998065696464,-8.416665286144918,8.701026286802712,29.06611552011213,-10.934424278119918,3.250721785,1.640551181,,,,95.6,2440,7.0,823244,669224,700250,665862,641857,676609,641355,663757,592450,53.45,,,,,,,,66,4,4-Seam Fastball,0,7,0,7,7,0,0,7,Infield shade,Standard,150,0.001,0.1,,,,,-0.1,,-7,-7,0.002,0.002,28,33,29,33,1,3,,,3,2,1.01,0.55,-0.55,36.9,,,,,
189,FF,2026-03-25,94.2,1.73,6.39,"Headrick, Brent",656305,687396,,ball,,,,,14,,R,R,L,SF,NYY,B,,,1,1,2026,1.08,1.39,0.1668832588381379,0.8291280593094165,,,650333,2,8,Bot,,,,,,,-6.509731443075827,-136.57326064290734,-11.667001693797122,14.93383237809158,30.46486897832749,-12.33671427215559,3.250721785,1.640551181,,,,95.2,2422,7.1,823244,669224,700250,665862,641857,676609,641355,663757,592450,53.42,,,,,,,,66,3,4-Seam Fastball,0,7,0,7,7,0,0,7,Infield shade,Standard,145,0.0,0.055,,,,,-0.055,,-7,-7,0.002,0.002,28,33,29,33,1,3,,,3,2,1.2,1.08,-1.08,41.0,,,,,
198,SL,2026-03-25,83.0,1.77,6.37,"Headrick, Brent",656305,687396,,swinging_strike,,,,,13,,R,R,L,SF,NYY,S,,,1,0,2026,-0.2,0.54,-0.9959060006446272,1.5519630874454111,,,650333,2,8,Bot,,,,,,,-5.897861538751304,-120.79866875384415,-5.481130778613945,-0.9524397854420154,20.969294104228418,-26.052386421750032,3.250721785,1.640551181,,,,84.1,2050,6.8,823244,669224,700250,665862,641857,676609,641355,663757,592450,53.72,,,,,,,,66,2,Slider,0,7,0,7,7,0,0,7,Infield shade,Standard,188,0.0,-0.052,75.7,8.7,4.1233173,,0.052,,-7,-7,0.002,0.002,28,33,29,33,1,3,,,3,2,2.74,-0.2,0.2,39.2,21.73414452377069,-50.3609674838082,33.73381963397206,27.124138196879755,51.22109512837831
206,FF,2026-03-25,94.3,1.65,6.37,"Headrick, Brent",656305,687396,,ball,,,,,13,,R,R,L,SF,NYY,B,,,0,0,2026,0.83,1.51,-0.5094427051971254,0.9963306259811944,,,650333,2,8,Bot,,,,,,,-7.502554892756078,-136.6654427014048,-11.458170323743987,12.069529806747523,30.884559244177368,-10.813749709419582,3.250721785,1.640551181,,,,95.1,2446,7.0,823244,669224,700250,665862,641857,676609,641355,663757,592450,53.46,,,,,,,,66,1,4-Seam Fastball,0,7,0,7,7,0,0,7,Strategic,Standard,145,0.0,0.037,,,,,-0.037,,-7,-7,0.002,0.002,28,33,29,33,1,3,,,3,2,1.08,0.83,-0.83,41.1,,,,,
217,SI,2026-03-25,92.6,1.75,6.48,"Headrick, Brent",650333,687396,single,hit_into_play,,,,,14,Luis Arraez singles on a ground ball to right fielder Aaron Judge.,R,L,L,SF,NYY,X,9,ground_ball,0,0,2026,1.22,1.26,0.866176320708532,1.706093245464054,,,,2,8,Bot,171.67,109.42,,,,,-4.993355605420512,-134.45976511458147,-8.962980618374734,15.90552834809842,30.328644266784472,-15.128807731389823,3.124343832,1.576771654,134,93.2,9,93.4,2469,7.0,823244,669224,700250,665862,641857,676609,641355,663757,592450,53.53,0.629,0.568,0.9,1,1,0,4,65,1,Sinker,0,7,0,7,7,0,0,7,Standard,Standard,149,0.0,0.328,63.0,6.3,,0.674,-0.328,93.2,-7,-7,0.002,0.002,28,29,29,29,1,3,,,3,2,1.42,1.22,1.22,49.2,7.281277895023839,-9.066006569043871,49.99443886924656,25.92472845155893,35.904665063646554
219,SL,2026-03-25,83.1,1.77,6.41,"Headrick, Brent",664056,687396,strikeout,swinging_strike,,,,,7,Harrison Bader strikes out swinging.,R,R,L,SF,NYY,S,2,,1,2,2026,-0.45,0.22,-0.3436460153725275,1.724823927572987,,,,1,8,Bot,,,,,,,-3.906965289166704,-120.8896827786748,-4.408929044294249,-3.559068500818984,26.173441207600654,-29.31424767722934,3.161204068,1.595374016,,,,83.6,2173,6.9,823244,669224,700250,665862,641857,676609,641355,663757,592450,53.64,,0.0,0.0,1,0,0,,64,4,Slider,0,7,0,7,7,0,0,7,Infield shade,Standard,221,-0.001,-0.182,79.0,8.6,2.844325836,,0.182,,-7,-7,0.003,0.003,28,32,29,32,1,2,,,3,2,3.11,-0.45,0.45,40.5,25.61289265926013,-46.070223571157925,24.938631644992075,31.391736591846435,54.555786176324666
231,SL,2026-03-25,83.0,1.84,6.36,"Headrick, Brent",664056,687396,,swinging_strike,,,,,8,,R,R,L,SF,NYY,S,,,1,1,2026,-0.25,0.18,-0.0671001077688134,1.5445379727675572,,,,1,8,Bot,,,,,,,-3.838220859092663,-120.78060201350904,-4.709684615060416,-1.7382206411490349,22.65915369386107,-29.708649301296635,3.161204068,1.595374016,,,,83.8,2032,6.7,823244,669224,700250,665862,641857,676609,641355,663757,592450,53.76,,,,,,,,64,3,Slider,0,7,0,7,7,0,0,7,Strategic,Standard,196,0.0,-0.07,75.9,8.9,1.62006078,,0.07,,-7,-7,0.003,0.003,28,32,29,32,1,2,,,3,2,3.12,-0.25,0.25,38.7,28.432800444930155,-42.64433645380581,26.078515664215736,33.88126512133559,51.66999470938215
239,SL,2026-03-25,82.6,1.94,6.42,"Headrick, Brent",664056,687396,,swinging_strike,,,,,13,,R,R,L,SF,NYY,S,,,1,0,2026,-0.54,0.48,-0.0375541024006028,0.9671194177440016,,,,1,8,Bot,,,,,,,-3.3806913936558987,-120.10439816569335,-6.553206483447999,-4.503092097292543,25.223193022692172,-26.39568148766412,3.161204068,1.595374016,,,,82.8,2163,6.6,823244,669224,700250,665862,641857,676609,641355,663757,592450,53.86,,,,,,,,64,2,Slider,0,7,0,7,7,0,0,7,Infield shade,Standard,169,0.0,-0.05,71.2,8.9,10.732760508,,0.05,,-7,-7,0.003,0.003,28,32,29,32,1,2,,,3,2,2.89,-0.54,0.54,37.8,30.336283389845363,-48.27060075269152,27.426773887646466,35.131933504476194,60.3047699052905
243,SL,2026-03-25,83.2,1.88,6.43,"Headrick, Brent",664056,687396,,ball,,,,,14,,R,R,L,SF,NYY,B,,,0,0,2026,-0.36,0.4,1.5084869155919978,2.339357578119406,,,,1,8,Bot,,,,,,,-0.1190932242682967,-121.17198827742656,-3.557343250259133,-3.588808844923149,22.327062704956216,-27.77168966322127,3.161204068,1.595374016,,,,84.0,2032,6.6,823244,669224,700250,665862,641857,676609,641355,663757,592450,53.86,,,,,,,,64,1,Slider,0,7,0,7,7,0,0,7,Infield shade,Standard,178,0.0,0.041,,,,,-0.041,,-7,-7,0.003,0.003,28,32,29,32,1,2,,,3,2,2.87,-0.36,0.36,40.4,,,,,
251,FF,2026-03-25,93.0,1.82,6.42,"Headrick, Brent",672275,687396,field_out,hit_into_play,,,,,5,Patrick Bailey flies out sharply to center fielder Trent Grisham.,R,R,L,SF,NYY,X,8,fly_ball,0,0,2026,0.64,1.52,-0.1639353059289451,2.18532013712379,,,,0,8,Bot,132.58,46.99,,,,,-6.523014436178423,-135.0092588022727,-8.265867068313334,9.302589887837424,30.3770376385272,-11.910228779201033,3.22351542,1.626820866,376,100.9,24,93.9,2320,7.0,823244,669224,700250,665862,641857,676609,641355,663757,592450,53.51,0.546,0.835,0.0,1,0,0,6,63,1,4-Seam Fastball,0,7,0,7,7,0,0,7,Strategic,Standard,142,-0.002,-0.259,79.6,7.4,,1.479,0.259,100.9,-7,-7,0.005,0.005,28,27,29,27,1,2,,,3,2,1.13,0.64,-0.64,40.2,4.402335601824015,2.7321136039444216,32.88840873507881,34.574015889331854,28.51502028203501
130,SI,2026-03-25,94.0,-2.11,6.37,"Brubaker, JT",663757,664141,field_out,hit_into_play,,,,,4,"Trent Grisham grounds out, second baseman Luis Arraez to first baseman Casey Schmitt.",R,L,R,SF,NYY,X,4,ground_ball,2,1,2026,-1.55,0.86,-0.6849154663581554,2.352053682834158,,,,2,8,Top,149.28,151.68,,,,,7.047333068481244,-136.58302281393622,-6.287470371695581,-20.905578200971544,31.028125590599764,-20.244017177410647,3.138385827,1.583858268,6,76.8,-20,92.9,2165,5.8,823244,672275,669477,650333,656305,642715,671218,664056,808982,54.7,0.057,0.052,0.0,1,0,0,2,62,4,Sinker,0,7,7,0,7,0,7,0,Strategic,Standard,223,0.0,-0.302,70.3,7.7,,0.07,0.302,88.0,-7,7,0.005,0.995,32,29,33,30,1,4,,,3,2,1.74,1.55,-1.55,46.5,12.039569140797358,-1.1204756690157027,28.75633547904842,46.34051834967904,26.18752129090243
133,CH,2026-03-25,88.6,-2.48,6.28,"Brubaker, JT",663757,664141,,ball,,,,,11,,R,L,R,SF,NYY,B,,,1,1,2026,-1.46,0.46,-3.0675977539532497,3.662936741271174,,,,2,8,Top,,,,,,,1.6773432037332054,-129.05177479790785,-1.1585255514123778,-16.770077688039397,25.383696677772956,-26.93398867734021,3.138385827,1.583858268,,,,87.9,1802,5.7,823244,672275,669477,650333,656305,642715,671218,664056,808982,54.81,,,,,,,,62,3,Changeup,0,7,7,0,7,0,7,0,Infield shade,Standard,235,0.0,0.054,,,,,-0.054,,-7,7,0.005,0.995,32,29,33,30,1,4,,,3,2,2.42,1.46,-1.46,47.6,,,,,
134,SL,2026-03-25,87.8,-2.3,6.32,"Brubaker, JT",663757,664141,,ball,,,,,14,,R,L,R,SF,NYY,B,,,0,1,2026,-0.13,0.17,0.4156513216501882,0.8801394409883141,,,,2,8,Top,,,,,,,6.685165330939892,-127.62630693059992,-7.094641190926316,-2.6902884198100274,24.639706144149976,-29.13251092663363,3.138385827,1.583858268,,,,87.1,2597,5.8,823244,672275,669477,650333,656305,642715,671218,664056,808982,54.72,,,,,,,,62,2,Slider,0,7,7,0,7,0,7,0,Infield shade,Standard,268,0.0,0.032,,,,,-0.032,,-7,7,0.005,0.995,32,29,33,30,1,4,,,3,2,2.78,0.13,-0.13,45.8,,,,,
139,SI,2026-03-25,94.8,-2.39,6.3,"Brubaker, JT",663757,664141,,called_strike,,,,,4,,R,L,R,SF,NYY,S,,,0,0,2026,-1.45,0.62,-0.7847978841118806,2.0771793085653343,,,,2,8,Top,,,,,,,7.358877657822129,-137.75506493364904,-6.488639179622356,-20.131421748063985,29.972736097083324,-22.988186868307505,3.138385827,1.583858268,,,,94.0,2165,5.9,823244,672275,669477,650333,656305,642715,671218,664056,808982,54.64,,,,,,,,62,1,Sinker,0,7,7,0,7,0,7,0,Strategic,Standard,225,0.0,-0.046,,,,,0.046,,-7,7,0.005,0.995,32,29,33,30,1,4,,,3,2,1.92,1.45,-1.45,49.2,,,,,
144,SI,2026-03-25,94.2,-2.31,6.31,"Brubaker, JT",669224,664141,field_out,hit_into_play,,,,,8,Austin Wells flies out to center fielder Harrison Bader.,R,L,R,SF,NYY,X,8,fly_ball,0,0,2026,-1.47,0.65,-0.2358404418107487,1.9248765697586383,,,,1,8,Top,91.84,58.63,,,,,8.549035386077197,-136.768415652318,-6.812147981599305,-20.377534624199665,30.660858302090524,-22.62034890327032,3.254232283,1.642322835,358,93.7,26,93.1,2115,5.8,823244,672275,669477,650333,656305,642715,671218,664056,808982,54.71,0.174,0.219,0.0,1,0,0,3,61,1,Sinker,0,7,7,0,7,0,7,0,Strategic,Standard,231,0.001,-0.261,75.4,8.1,,0.35,0.261,93.7,-7,7,0.004,0.996,32,26,33,27,1,3,,,3,2,1.93,1.47,-1.47,46.3,10.53119742413388,0.0240168304231049,36.784797165738894,37.019871650545184,24.43156213890941
146,SL,2026-03-25,88.4,-2.21,6.32,"Brubaker, JT",641857,664141,strikeout,swinging_strike_blocked,,,,,14,Ryan McMahon strikes out swinging.,R,L,R,SF,NYY,S,2,,1,2,2026,-0.13,0.37,0.922239040003706,0.5707892985081804,,,,0,8,Top,,,,,,,7.713786464369682,-128.43408078747717,-8.426578470555963,-2.8547703390288413,22.874258786695812,-26.66095204752962,3.31742126,1.674212598,,,,88.0,2544,5.8,823244,672275,669477,650333,656305,642715,671218,664056,808982,54.71,,0.0,0.0,1,0,0,,60,4,Slider,0,7,7,0,7,0,7,0,Strategic,Standard,264,0.0,-0.186,48.3,7.8,9.689050848,,0.186,,-7,7,0.004,0.996,32,31,33,32,1,3,,,3,2,2.52,0.13,-0.13,48.8,21.418004655299388,-5.7163071112189066,46.98893097290589,28.165463011239734,32.722295092665405
149,SL,2026-03-25,86.3,-2.34,6.37,"Brubaker, JT",641857,664141,,called_strike,,,,,2,,R,L,R,SF,NYY,S,,,1,1,2026,0.02,0.16,-0.0283558608573374,2.8484150566679083,,,,0,8,Top,,,,,,,5.3356677048574594,-125.67830673359998,-2.3157726225959854,-0.7473373606728236,23.65368562378196,-30.249206508736048,3.31742126,1.674212598,,,,85.8,2662,5.8,823244,672275,669477,650333,656305,642715,671218,664056,808982,54.73,,,,,,,,60,3,Slider,0,7,7,0,7,0,7,0,Strategic,Standard,335,0.0,-0.06,,,,,0.06,,-7,7,0.004,0.996,32,31,33,32,1,3,,,3,2,2.88,-0.02,0.02,53.2,,,,,
156,SL,2026-03-25,86.3,-2.24,6.39,"Brubaker, JT",641857,664141,,swinging_strike,,,,,9,,R,L,R,SF,NYY,S,,,1,0,2026,-0.02,0.55,0.4598580359876051,1.8491477314492828,,,,0,8,Top,,,,,,,6.310643931123009,-125.55867735511109,-5.411896874172374,-1.5084813025751156,25.296398031914475,-25.501386852360994,3.31742126,1.674212598,,,,85.5,2614,5.7,823244,672275,669477,650333,656305,642715,671218,664056,808982,54.75,,,,,,,,60,2,Slider,0,7,7,0,7,0,7,0,Strategic,Standard,303,0.0,-0.055,79.7,8.3,0.6557058,,0.055,,-7,7,0.004,0.996,32,31,33,32,1,3,,,3,2,2.51,0.02,-0.02,46.8,27.22087320352022,-23.46993855082052,40.07423656331764,33.48352138671082,41.7707735821766
158,SI,2026-03-25,93.0,-2.36,6.36,"Brubaker, JT",641857,664141,,ball,,,,,11,,R,L,R,SF,NYY,B,,,0,0,2026,-1.52,1.06,-1.4555584032640831,3.0496252111173776,,,,0,8,Top,,,,,,,5.602229728074921,-135.24225944173173,-4.788346966664198,-19.922529329602845,29.519657367816684,-18.363754123662044,3.31742126,1.674212598,,,,91.8,2184,5.6,823244,672275,669477,650333,656305,642715,671218,664056,808982,54.91,,,,,,,,60,1,Sinker,0,7,7,0,7,0,7,0,Strategic,Standard,223,0.0,0.042,,,,,-0.042,,-7,7,0.004,0.996,32,31,33,32,1,3,,,3,2,1.58,1.52,-1.52,51.2,,,,,
207,ST,2026-03-25,83.9,-3.25,5.01,"Bird, Jake",669477,656234,field_out,hit_into_play,,,,,8,"Casey Schmitt grounds out, second baseman Jazz Chisholm Jr. to first baseman Ben Rice.",R,R,R,SF,NYY,X,4,ground_ball,0,1,2026,1.57,0.53,-0.1678879708559886,1.7741791101348785,,,,2,7,Bot,131.94,148.81,,,,,3.8414992930795417,-122.06795598142116,-1.874019303565964,14.811420127289225,26.193222398532228,-26.755516750854483,3.196309055,1.613090551,2,82.9,-38,83.3,2911,6.1,823244,669224,700250,665862,641857,676609,641355,663757,592450,54.4,0.068,0.067,0.0,1,0,0,2,59,2,Sweeper,0,7,0,7,7,0,0,7,Strategic,Standard,74,-0.001,-0.217,61.3,6.0,,0.075,0.217,88.0,-7,-7,0.005,0.005,30,27,31,27,1,2,,,3,2,2.73,-1.57,-1.57,14.8,-22.936706405561758,17.802036921348318,44.77559311317809,30.83415931727019,12.303605757595756
211,SI,2026-03-25,95.4,-3.24,5.21,"Bird, Jake",669477,656234,,called_strike,,,,,4,,R,R,R,SF,NYY,S,,,0,0,2026,-1.37,0.05,-0.6980864938676041,2.6944910156286705,,,,2,7,Bot,,,,,,,9.677755743062134,-138.6460523340618,-0.8993062185225517,-19.87022750965552,31.40822763088281,-31.51200096007008,3.196309055,1.613090551,,,,94.7,2312,6.0,823244,669224,700250,665862,641857,676609,641355,663757,592450,54.5,,,,,,,,59,1,Sinker,0,7,0,7,7,0,0,7,Standard,Standard,244,0.0,-0.046,,,,,0.046,,-7,-7,0.005,0.005,30,27,31,27,1,2,,,3,2,2.46,1.37,1.37,20.7,,,,,
224,SI,2026-03-25,95.2,-3.21,5.23,"Bird, Jake",671218,656234,strikeout,swinging_strike,,,,,6,Heliot Ramos strikes out swinging.,R,R,R,SF,NYY,S,2,,2,2,2026,-1.27,0.36,0.5132482664496594,2.543690398416504,,,,1,7,Bot,,,,,,,12.43447065400975,-138.1565005068021,-1.9968685565625708,-19.093214848790183,30.816805265742307,-27.25979744936241,3.18402231,1.606889764,,,,94.3,2344,5.9,823244,669224,700250,665862,641857,676609,641355,663757,592450,54.58,,0.0,0.0,1,0,0,,58,5,Sinker,0,7,0,7,7,0,0,7,Strategic,Standard,242,-0.002,-0.233,66.5,5.3,0.1,,0.233,,-7,-7,0.007,0.007,30,26,31,27,1,2,,,3,2,2.17,1.27,1.27,14.0,-14.181827644163416,39.91542996131699,33.89011535509204,42.35061267055492,-3.242912055030696
227,ST,2026-03-25,83.6,-3.27,5.0,"Bird, Jake",671218,656234,,ball,,,,,12,,R,R,R,SF,NYY,B,,,1,2,2026,1.71,0.72,1.7467436217867138,2.896857142545202,,,,1,7,Bot,,,,,,,7.916083621510647,-121.43053222740576,0.4550296014765603,14.807832879614924,28.752762450771428,-25.538193755198492,3.18402231,1.606889764,,,,82.4,2944,6.1,823244,669224,700250,665862,641857,676609,641355,663757,592450,54.42,,,,,,,,58,4,Sweeper,0,7,0,7,7,0,0,7,Strategic,Standard,76,0.001,0.051,,,,,-0.051,,-7,-7,0.006,0.006,30,26,31,27,1,2,,,3,2,2.61,-1.71,-1.71,15.0,,,,,
240,SI,2026-03-25,93.1,-3.36,5.14,"Bird, Jake",671218,656234,,swinging_strike,,,,,1,,R,R,R,SF,NYY,S,,,1,1,2026,-1.24,0.22,-0.4434000855739735,3.1856186035373364,,,,1,7,Bot,,,,,,,10.07875922121577,-135.20014888916293,0.4490357797413302,-17.346937020272193,28.84463393399051,-29.8496702250816,3.18402231,1.606889764,,,,92.5,2238,6.0,823244,669224,700250,665862,641857,676609,641355,663757,592450,54.49,,,,,,,,58,3,Sinker,0,7,0,7,7,0,0,7,Strategic,Standard,242,-0.001,-0.07,66.9,5.5,0.734528712,,0.07,,-7,-7,0.007,0.007,30,26,31,27,1,2,,,3,2,2.42,1.24,1.24,16.6,-5.45842057768839,23.364144516449738,31.357516345596306,31.12424938547138,15.422274225807037
242,SI,2026-03-25,95.0,-3.13,5.11,"Bird, Jake",671218,656234,,called_strike,,,,,11,,R,R,R,SF,NYY,S,,,1,0,2026,-1.7,0.16,-0.8547149885248626,2.767146102632596,,,,1,7,Bot,,,,,,,9.6736874794578,-138.06848215971323,-0.6726344410668423,-23.885069015263305,28.437805050203224,-30.232741166833623,3.18402231,1.606889764,,,,94.7,2310,6.0,823244,669224,700250,665862,641857,676609,641355,663757,592450,54.51,,,,,,,,58,2,Sinker,0,7,0,7,7,0,0,7,Strategic,Standard,240,0.0,-0.05,,,,,0.05,,-7,-7,0.007,0.007,30,26,31,27,1,2,,,3,2,2.36,1.7,1.7,14.0,,,,,
250,SI,2026-03-25,94.4,-3.31,5.2,"Bird, Jake",671218,656234,,ball,,,,,11,,R,R,R,SF,NYY,B,,,0,0,2026,-1.33,0.57,-0.5943005571209385,4.452241480384336,,,,1,7,Bot,,,,,,,9.884534641585116,-137.13296495906536,2.553821837035839,-18.920558799370223,28.674068706966956,-25.712974829057053,3.18402231,1.606889764,,,,93.8,2355,5.9,823244,669224,700250,665862,641857,676609,641355,663757,592450,54.57,,,,,,,,58,1,Sinker,0,7,0,7,7,0,0,7,Standard,Standard,236,0.0,0.041,,,,,-0.041,,-7,-7,0.007,0.007,30,26,31,27,1,2,,,3,2,1.98,1.33,1.33,14.1,,,,,
0,ST,2026-03-25,82.9,1.29,5.92,"Fried, Max",808982,608331,field_out,hit_into_play,,,,,11,Jung Hoo Lee lines out to left fielder Cody Bellinger.,R,L,L,SF,NYY,X,7,line_drive,1,2,2026,-1.28,0.28,-0.1076914071780363,3.711969403876651,,,,0,7,Bot,58.5,126.74,,,,,-0.5982242707019786,-120.75499402285506,1.0815478023799898,-12.330328445209638,24.998236501926648,-29.88011822915272,3.22351542,1.626820866,246,79.1,30,82.7,2813,6.3,823244,669224,700250,665862,641857,676609,641355,663757,592450,54.24,0.143,0.154,0.0,1,0,0,3,57,4,Sweeper,0,7,0,7,7,0,0,7,Strategic,Standard,298,-0.003,-0.186,49.3,6.1,,0.215,0.186,88.0,-7,-7,0.01,0.01,32,27,32,28,3,2,,,6,2,3.04,-1.28,-1.28,42.4,8.541837461991298,19.943241206344883,26.66747649837605,31.792371412327224,20.22944144482531
3,SI,2026-03-25,92.8,1.09,6.03,"Fried, Max",808982,608331,,foul,,,,,12,,R,L,L,SF,NYY,S,,,1,1,2026,0.95,0.39,0.9733989027036208,2.755770800811556,,,,0,7,Bot,,,,,,,-2.434277548737686,-135.32302218490003,-3.348076496597324,12.267905547931138,25.52032285812126,-26.934684137687917,3.22351542,1.626820866,,,,93.9,2081,6.5,823244,669224,700250,665862,641857,676609,641355,663757,592450,53.97,,,,,,,,57,3,Sinker,0,7,0,7,7,0,0,7,Standard,Standard,150,-0.001,-0.06,64.6,6.6,,,0.06,,-7,-7,0.011,0.011,32,27,32,28,3,2,,,6,2,2.22,0.95,0.95,46.2,-2.4040028849473662,-0.4319103914931917,37.59906765790948,17.854174854936883,27.41612075120776
5,FF,2026-03-25,94.0,0.82,6.04,"Fried, Max",808982,608331,,called_strike,,,,,8,,R,L,L,SF,NYY,S,,,1,0,2026,0.19,1.42,0.1709824059113651,1.6583540164668258,,,,0,7,Bot,,,,,,,-2.111047156896601,-136.70894040984277,-8.689626585839218,2.863621057240817,28.1658587187032,-12.631949483170525,3.22351542,1.626820866,,,,94.9,2087,6.7,823244,669224,700250,665862,641857,676609,641355,663757,592450,53.78,,,,,,,,57,2,4-Seam Fastball,0,7,0,7,7,0,0,7,Standard,Standard,155,-0.001,-0.055,,,,,0.055,,-7,-7,0.012,0.012,32,27,32,28,3,2,,,6,2,1.14,0.19,0.19,49.8,,,,,
7,CU,2026-03-25,72.6,0.97,6.27,"Fried, Max",808982,608331,,ball,,,,,13,,R,L,L,SF,NYY,B,,,0,0,2026,-0.81,-1.46,-0.4388899067390792,0.7644316922417094,,,,0,7,Bot,,,,,,,-1.381361832701699,-105.57001973108696,-0.6106455217120257,-5.636282195427562,22.073634438945486,-43.03125813541791,3.22351542,1.626820866,,,,72.0,2739,6.4,823244,669224,700250,665862,641857,676609,641355,663757,592450,54.07,,,,,,,,57,1,Curveball,0,7,0,7,7,0,0,7,Standard,Standard,323,0.001,0.042,,,,,-0.042,,-7,-7,0.011,0.011,32,27,32,28,3,2,,,6,2,5.87,-0.81,-0.81,51.6,,,,,
167,SI,2026-03-25,93.9,-2.31,6.34,"Brubaker, JT",676609,664141,grounded_into_double_play,hit_into_play,,,,,7,"José Caballero grounds into a double play, shortstop Willy Adames to second baseman Luis Arraez to first baseman Casey Schmitt. Jazz Chisholm Jr. out at 2nd. José Caballero out at 1st.",R,R,R,SF,NYY,X,6,ground_ball,1,0,2026,-1.41,0.79,-0.2768986887716442,1.946777821027709,,700250,665862,1,7,Top,111.78,150.16,,,,,8.28213505728375,-136.32054607617889,-7.095007024193351,-19.383221461017907,29.8292801898717,-20.9024012487149,3.083095472,1.555954724,13,94.0,-9,93.0,2180,5.9,823244,672275,669477,650333,656305,642715,671218,664056,808982,54.61,0.192,0.187,0.0,1,0,0,2,56,2,Sinker,0,7,7,0,7,0,7,0,Standard,Standard,216,0.004,-0.353,71.5,6.9,,0.233,0.353,94.0,-7,7,0.007,0.993,32,29,33,30,1,3,,,3,2,1.8,1.41,1.41,52.9,8.309652729462872,7.455698058488244,36.145562025731856,30.362495203625205,30.91334959642183
171,SL,2026-03-25,86.7,-2.4,6.33,"Brubaker, JT",676609,664141,,blocked_ball,,,,,14,,R,R,R,SF,NYY,B,,,0,0,2026,0.01,0.09,0.3157971889518418,0.6016315808725969,,700250,665862,1,7,Top,,,,,,,6.306477612196662,-126.07419389467373,-7.356497762861262,-1.0570498587911838,23.905889029289398,-30.00682229018063,3.083095472,1.555954724,,,,86.1,2603,5.8,823244,672275,669477,650333,656305,642715,671218,664056,808982,54.72,,,,,,,,56,1,Slider,0,7,7,0,7,0,7,0,Standard,Standard,290,0.0,0.042,,,,,-0.042,,-7,7,0.007,0.993,32,29,33,30,1,3,,,3,2,2.93,-0.01,-0.01,53.0,,,,,
180,CU,2026-03-25,81.6,-2.46,6.39,"Brubaker, JT",665862,664141,single,hit_into_play,,,,,8,Jazz Chisholm Jr. singles on a sharp line drive to right fielder Jung Hoo Lee. Ben Rice to 2nd.,R,L,R,SF,NYY,X,9,line_drive,0,0,2026,1.04,-0.77,0.1694417973243877,1.669935241121583,,,700250,1,7,Top,186.12,110.34,,,,,3.758584156495092,-118.82577617141884,-2.262924001022302,9.11690804402154,23.44449374163832,-39.1871736164445,3.15593832,1.592716535,152,101.4,10,80.4,2697,5.5,823244,672275,669477,650333,656305,642715,671218,664056,808982,54.99,0.84,0.816,0.9,1,1,0,4,55,1,Curveball,0,7,7,0,7,0,7,0,Standard,Standard,22,-0.002,0.409,72.9,7.8,,1.024,-0.409,101.4,-7,7,0.009,0.991,32,28,33,28,1,3,,,3,2,4.19,-1.04,1.04,51.0,14.534358725646358,-3.979013867982331,39.0126762047416,33.373253268557505,30.912347203204597
186,SL,2026-03-25,86.6,-2.28,6.28,"Brubaker, JT",519317,664141,strikeout,swinging_strike_blocked,,,,,14,Giancarlo Stanton strikes out swinging.,R,R,R,SF,NYY,S,2,,2,2,2026,-0.02,0.07,0.9339414879251646,0.6231871080107267,,,700250,0,7,Top,,,,,,,7.512460626732203,-125.83033442201416,-7.077938347240893,-1.7534821420811757,25.702090711950397,-30.14123092091642,3.431512467,1.731791339,,,,85.6,2570,5.7,823244,672275,669477,650333,656305,642715,671218,664056,808982,54.76,,0.0,0.0,1,0,0,,54,5,Slider,0,7,7,0,7,0,7,0,Standard,Standard,319,0.002,-0.216,34.6,8.5,6.05628252,,0.216,,-7,7,0.007,0.993,32,36,33,37,1,3,,,3,2,2.98,0.02,0.02,52.2,13.190562146542115,3.727938200110025,33.20194507691456,54.46037359152024,22.961702427907845
190,SL,2026-03-25,86.0,-2.21,6.3,"Brubaker, JT",519317,664141,,swinging_strike,,,,,14,,R,R,R,SF,NYY,S,,,2,1,2026,0.21,0.04,0.8236245555750072,1.4350005469705711,,,700250,0,7,Top,,,,,,,6.574875687085964,-125.07366352162347,-5.042140073812176,0.8123342655652581,26.509309000398,-30.85772868826923,3.431512467,1.731791339,,,,84.8,2662,5.7,823244,672275,669477,650333,656305,642715,671218,664056,808982,54.83,,,,,,,,54,4,Slider,0,7,7,0,7,0,7,0,Standard,Standard,348,0.0,-0.069,81.4,9.7,8.170118628,,0.069,,-7,7,0.007,0.993,32,36,33,37,1,3,,,3,2,3.06,-0.21,-0.21,52.2,25.44635242495624,-23.327445117455625,29.71314964253767,52.635811062296455,43.655135042954406
200,SL,2026-03-25,86.0,-2.23,6.42,"Brubaker, JT",519317,664141,,called_strike,,,,,5,,R,R,R,SF,NYY,S,,,2,0,2026,0.03,0.26,0.2002702575488435,2.489708665452779,,,700250,0,7,Top,,,,,,,5.554766256634274,-125.19710321432156,-3.388886567192722,-0.7062004939704051,23.709661408211574,-28.967699270010712,3.431512467,1.731791339,,,,85.3,2739,5.7,823244,672275,669477,650333,656305,642715,671218,664056,808982,54.83,,,,,,,,54,3,Slider,0,7,7,0,7,0,7,0,Standard,Standard,31,0.0,-0.069,,,,,0.069,,-7,7,0.007,0.993,32,36,33,37,1,3,,,3,2,2.8,-0.03,-0.03,47.1,,,,,
202,SI,2026-03-25,93.6,-2.26,6.33,"Brubaker, JT",519317,664141,,ball,,,,,14,,R,R,R,SF,NYY,B,,,1,0,2026,-1.6,0.75,0.9967806999465574,1.9713388986348512,,,700250,0,7,Top,,,,,,,11.723809636174,-135.62337936002217,-6.841194140103208,-22.335421929048056,29.79148783015051,-21.451563600718856,3.431512467,1.731791339,,,,92.3,2104,5.8,823244,672275,669477,650333,656305,642715,671218,664056,808982,54.72,,,,,,,,54,2,Sinker,0,7,7,0,7,0,7,0,Standard,Standard,226,0.0,0.076,,,,,-0.076,,-7,7,0.007,0.993,32,36,33,37,1,3,,,3,2,1.87,1.6,1.6,45.9,,,,,
214,CU,2026-03-25,81.2,-2.27,6.38,"Brubaker, JT",519317,664141,,blocked_ball,,,,,14,,R,R,R,SF,NYY,B,,,0,0,2026,0.37,-0.6,0.4378087794325628,0.9548303984848968,,,700250,0,7,Top,,,,,,,5.195357654953372,-118.20293068118346,-4.12233753027039,2.5813086043492595,20.705947594559085,-37.2892561513589,3.431512467,1.731791339,,,,80.6,2630,5.7,823244,672275,669477,650333,656305,642715,671218,664056,808982,54.81,,,,,,,,54,1,Curveball,0,7,7,0,7,0,7,0,Standard,Standard,26,0.0,0.037,,,,,-0.037,,-7,7,0.007,0.993,32,36,33,37,1,3,,,3,2,4.03,-0.37,-0.37,49.7,,,,,
225,SL,2026-03-25,86.3,-2.19,6.28,"Brubaker, JT",700250,664141,walk,ball,,,,,14,Ben Rice walks.,R,L,R,SF,NYY,B,,,3,1,2026,0.11,0.1,0.81204852348088,1.1812537733566053,,,,0,7,Top,,,,,,,6.743864622574106,-125.4652423834474,-5.798066396878392,-0.1076292779339786,24.01771746048504,-30.221741972615217,3.280561024,1.655610236,,,,85.6,2580,5.7,823244,672275,669477,650333,656305,642715,671218,664056,808982,54.75,,0.69822,0.7,1,0,0,,53,5,Slider,0,7,7,0,7,0,7,0,Infield shade,Standard,301,-0.001,0.258,,,,,-0.258,,-7,7,0.008,0.992,32,27,33,27,1,3,,,3,3,2.96,-0.11,0.11,52.8,,,,,
233,SI,2026-03-25,93.4,-2.32,6.25,"Brubaker, JT",700250,664141,,called_strike,,,,,13,,R,L,R,SF,NYY,S,,,3,0,2026,-1.38,0.69,-0.9307712606815486,2.367320328903044,,,,0,7,Top,,,,,,,6.547245595657957,-135.8127220599775,-5.569289822026462,-18.54173672287222,27.33453432082272,-22.571122295028594,3.280561024,1.655610236,,,,92.8,2084,5.8,823244,672275,669477,650333,656305,642715,671218,664056,808982,54.69,,,,,,,,53,4,Sinker,0,7,7,0,7,0,7,0,Infield shade,Standard,223,0.0,-0.083,,,,,0.083,,-7,7,0.008,0.992,32,27,33,27,1,3,,,3,3,1.91,1.38,-1.38,45.2,,,,,
238,SI,2026-03-25,94.0,-2.37,6.34,"Brubaker, JT",700250,664141,,ball,,,,,11,,R,L,R,SF,NYY,B,,,2,0,2026,-1.37,0.63,-1.037018205208336,3.389184916825971,,,,0,7,Top,,,,,,,6.443297625057415,-136.68235474754016,-3.12500362325142,-18.649165654611927,30.39809341255991,-23.768429634532424,3.280561024,1.655610236,,,,93.0,2101,5.8,823244,672275,669477,650333,656305,642715,671218,664056,808982,54.71,,,,,,,,53,3,Sinker,0,7,7,0,7,0,7,0,Infield shade,Standard,225,0.0,0.148,,,,,-0.148,,-7,7,0.008,0.992,32,27,33,27,1,3,,,3,3,1.95,1.37,-1.37,44.4,,,,,
247,CH,2026-03-25,87.8,-2.46,6.21,"Brubaker, JT",700250,664141,,ball,,,,,13,,R,L,R,SF,NYY,B,,,1,0,2026,-1.44,0.15,-0.8237157721290373,1.5104588847451086,,,,0,7,Top,,,,,,,6.863632476082197,-127.68768971952208,-5.300983917741116,-17.17413142981081,24.650235210106587,-29.677803537911256,3.280561024,1.655610236,,,,87.2,1787,5.8,823244,672275,669477,650333,656305,642715,671218,664056,808982,54.68,,,,,,,,53,2,Changeup,0,7,7,0,7,0,7,0,Infield shade,Standard,236,-0.001,0.081,,,,,-0.081,,-7,7,0.009,0.991,32,27,33,27,1,3,,,3,3,2.8,1.44,-1.44,43.5,,,,,
255,SI,2026-03-25,94.3,-2.29,6.29,"Brubaker, JT",700250,664141,,ball,,,,,12,,R,L,R,SF,NYY,B,,,0,0,2026,-1.41,0.53,0.9721814689177808,2.7265840635179384,,,,0,7,Top,,,,,,,11.38381716490343,-137.01360475978512,-4.568714027155492,-20.047513626523045,25.912863653242283,-24.610469224265287,3.280561024,1.655610236,,,,93.8,2121,5.7,823244,672275,669477,650333,656305,642715,671218,664056,808982,54.77,,,,,,,,53,1,Sinker,0,7,7,0,7,0,7,0,Infield shade,Standard,230,0.0,0.042,,,,,-0.042,,-7,7,0.009,0.991,32,27,33,27,1,3,,,3,3,2.01,1.41,-1.41,49.1,,,,,
9,FC,2026-03-25,91.7,1.22,5.89,"Fried, Max",642715,608331,field_out,hit_into_play,,,,,3,Willy Adames lines out sharply to right fielder Aaron Judge.,R,R,L,SF,NYY,X,9,line_drive,1,0,2026,0.18,0.38,0.6576919795370202,2.772705793590516,,,,2,6,Bot,187.3,93.78,,,,,-1.808440997834112,-133.6650082028602,-2.7517038109178094,2.56474541830296,26.038501566950227,-27.182655204261337,3.22351542,1.626820866,302,100.8,15,92.5,2318,6.5,823244,669224,700250,665862,641857,676609,641355,663757,592450,54.03,0.709,0.713,0.0,1,0,0,4,52,2,Cutter,0,7,0,7,7,0,0,7,Infield shade,Standard,158,-0.001,-0.305,70.5,7.6,,0.952,0.305,100.8,-7,-7,0.01,0.01,32,30,32,31,3,2,,,6,2,2.3,0.18,-0.18,43.1,5.110519803029758,14.221458226015455,27.690128667367876,47.38050087061859,17.253092297246404
10,ST,2026-03-25,79.5,1.6,5.76,"Fried, Max",642715,608331,,ball,,,,,13,,R,R,L,SF,NYY,B,,,0,0,2026,-1.24,-0.14,-1.3246907019858158,0.2696068825810034,,,,2,6,Bot,,,,,,,-3.9762905786006417,-115.79271485681711,-4.803835114406042,-10.522833433471446,19.80861014964712,-32.84339738238949,3.22351542,1.626820866,,,,79.8,2852,6.2,823244,669224,700250,665862,641857,676609,641355,663757,592450,54.26,,,,,,,,52,1,Sweeper,0,7,0,7,7,0,0,7,Strategic,Standard,302,0.0,0.042,,,,,-0.042,,-7,-7,0.01,0.01,32,30,32,31,3,2,,,6,2,3.72,-1.24,1.24,36.7,,,,,
12,SI,2026-03-25,93.9,0.98,6.0,"Fried, Max",646240,608331,field_out,hit_into_play,,,,,9,Rafael Devers lines out sharply to right fielder Aaron Judge.,R,L,L,SF,NYY,X,9,line_drive,0,2,2026,0.59,0.53,0.4692279365090976,1.9602379309953133,,,,1,6,Bot,179.93,74.24,,,,,-2.6441945098807027,-136.77777733192707,-5.764727297271957,7.974942461656132,28.4931670071965,-24.427317311953065,3.217372047,1.623720472,335,107.4,15,94.6,2113,6.5,823244,669224,700250,665862,641857,676609,641355,663757,592450,54.01,0.623,0.688,0.0,1,0,0,5,51,3,Sinker,0,7,0,7,7,0,0,7,Strategic,Standard,156,-0.002,-0.163,72.7,7.9,,1.025,0.163,107.4,-7,-7,0.012,0.012,32,29,32,30,3,2,,,6,2,2.03,0.59,0.59,47.8,14.351723806084529,-4.204560065024376,32.40472822789827,29.44457763237268,32.567489795476305
14,ST,2026-03-25,80.4,1.44,5.8,"Fried, Max",646240,608331,,foul,,,,,13,,R,L,L,SF,NYY,S,,,0,1,2026,-1.31,-0.15,-0.5361560712178581,1.363483883392881,,,,1,6,Bot,,,,,,,-1.7960896097331718,-117.16844937466864,-2.660471079671707,-11.778163677331726,21.08986027270183,-33.31003107842784,3.217372047,1.623720472,98,68.6,73,80.9,2758,6.4,823244,669224,700250,665862,641857,676609,641355,663757,592450,54.08,,,,,,,,51,2,Sweeper,0,7,0,7,7,0,0,7,Strategic,Standard,299,-0.001,-0.057,61.9,8.0,,,0.057,88.0,-7,-7,0.013,0.013,32,29,32,30,3,2,,,6,2,3.65,-1.31,-1.31,37.8,8.267903180521955,-8.441944601997276,30.86859552634478,40.24660632423833,34.30509083274666
17,FF,2026-03-25,94.7,0.83,6.16,"Fried, Max",646240,608331,,called_strike,,,,,9,,R,L,L,SF,NYY,S,,,0,0,2026,0.42,1.14,0.6344861325417153,1.783749628966918,,,,1,6,Bot,,,,,,,-1.443202320337157,-137.82938273342288,-8.129652390361445,5.615368813815459,30.50538469029344,-16.061051743991857,3.217372047,1.623720472,,,,95.1,2087,6.5,823244,669224,700250,665862,641857,676609,641355,663757,592450,53.99,,,,,,,,51,1,4-Seam Fastball,0,7,0,7,7,0,0,7,Standard,Standard,156,0.0,-0.041,,,,,0.041,,-7,-7,0.013,0.013,32,29,32,30,3,2,,,6,2,1.4,0.42,0.42,52.0,,,,,
19,CH,2026-03-25,83.7,1.53,5.68,"Fried, Max",656305,608331,field_out,hit_into_play,,,,,14,Matt Chapman lines out sharply to second baseman Jazz Chisholm Jr.,R,R,L,SF,NYY,X,4,line_drive,2,1,2026,1.18,0.27,0.9576601373774124,1.856583057300201,,,,0,6,Bot,140.66,145.6,,,,,-3.693312237086385,-121.90213107967682,-2.7377448511454165,12.459176359139022,23.984536730313103,-29.1448104921065,3.250721785,1.640551181,169,106.7,4,84.4,1359,6.7,823244,669224,700250,665862,641857,676609,641355,663757,592450,53.8,0.623,0.606,0.0,1,0,0,4,50,4,Changeup,0,7,0,7,7,0,0,7,Infield shade,Standard,128,-0.006,-0.309,77.3,7.8,,0.727,0.309,106.7,-7,-7,0.019,0.019,32,33,32,33,3,2,,,6,2,2.98,1.18,-1.18,37.2,1.56746668397089,5.881252364121334,23.86868026560313,48.64094075343218,19.882618124154924
21,CH,2026-03-25,82.3,1.54,5.77,"Fried, Max",656305,608331,,ball,,,,,12,,R,R,L,SF,NYY,B,,,1,1,2026,0.97,-0.03,2.192282712479567,2.751427616423628,,,,0,6,Bot,,,,,,,-0.4722926543677239,-119.91643819115468,-0.0485067495924866,9.458940887555428,23.794964284131385,-32.63315901242268,3.250721785,1.640551181,,,,82.9,1452,6.7,823244,669224,700250,665862,641857,676609,641355,663757,592450,53.82,,,,,,,,50,3,Changeup,0,7,0,7,7,0,0,7,Infield shade,Standard,129,0.001,0.063,,,,,-0.063,,-7,-7,0.018,0.018,32,33,32,33,3,2,,,6,2,3.39,0.97,-0.97,38.4,,,,,
23,SI,2026-03-25,91.9,1.12,6.08,"Fried, Max",656305,608331,,foul,,,,,6,,R,R,L,SF,NYY,S,,,1,0,2026,0.96,0.38,0.5691386678354927,2.7110238595428915,,,,0,6,Bot,,,,,,,-3.5312473410386285,-133.83548073185722,-3.3548170883925734,12.335038610738817,27.57295011410925,-27.13653484894484,3.250721785,1.640551181,199,71.0,51,92.9,2103,6.7,823244,669224,700250,665862,641857,676609,641355,663757,592450,53.79,,,,,,,,50,2,Sinker,0,7,0,7,7,0,0,7,Infield shade,Standard,147,-0.001,-0.055,77.0,6.8,,,0.055,88.0,-7,-7,0.019,0.019,32,33,32,33,3,2,,,6,2,2.31,0.96,-0.96,44.5,-2.4043234505916566,15.898530842819133,21.151327635792867,44.374962713124205,19.811113282983545
24,FC,2026-03-25,90.6,1.52,5.78,"Fried, Max",656305,608331,,ball,,,,,12,,R,R,L,SF,NYY,B,,,0,0,2026,-0.06,0.77,1.3252414213865855,3.5361734127123947,,,,0,6,Bot,,,,,,,-0.3522454312997117,-132.10528286801224,-1.2477181100701509,-0.5820753868183118,26.16078015123136,-23.040897344533345,3.250721785,1.640551181,,,,91.2,2091,6.4,823244,669224,700250,665862,641857,676609,641355,663757,592450,54.1,,,,,,,,50,1,Cutter,0,7,0,7,7,0,0,7,Strategic,Standard,160,0.001,0.042,,,,,-0.042,,-7,-7,0.018,0.018,32,33,32,33,3,2,,,6,2,1.98,-0.06,0.06,41.7,,,,,
140,FS,2026-03-25,89.8,-1.38,6.12,"Winn, Keaton",641355,676775,strikeout,swinging_strike,,,,,8,Cody Bellinger strikes out swinging.,R,L,R,SF,NYY,S,2,,0,2,2026,-1.12,-0.17,0.0843012271639023,1.5974231207709746,,,669224,2,6,Top,,,,,,,6.02632435880586,-130.69768897581213,-4.657834832023913,-14.082906206061152,25.846623161208203,-33.43527962181927,3.344627625,1.687942913,,,,90.4,1536,6.5,823244,672275,669477,650333,656305,642715,671218,664056,808982,53.97,,0.0,0.0,1,0,0,,49,3,Split-Finger,0,7,7,0,7,0,7,0,Standard,Standard,242,0.001,-0.173,73.1,8.2,1.667727228,,0.173,,-7,7,0.017,0.983,28,30,28,31,1,3,,,3,2,2.99,1.12,-1.12,38.4,15.778092543649777,-10.394815826438768,37.8512110870446,28.525482679725062,31.7955560413874
143,FF,2026-03-25,96.4,-1.34,6.25,"Winn, Keaton",641355,676775,,foul,,,,,1,,R,L,R,SF,NYY,S,,,0,1,2026,-0.78,1.25,-0.6828333080283223,3.104796824716844,,,669224,2,6,Top,,,,,,,3.517120832210477,-140.28751460693493,-5.494691456420396,-11.117733563169786,30.61898686484708,-14.556338363955204,3.344627625,1.687942913,141,82.7,10,96.5,2360,6.3,823244,672275,669477,650333,656305,642715,671218,664056,808982,54.25,,,,,,,,49,2,4-Seam Fastball,0,7,7,0,7,0,7,0,Infield shade,Standard,228,0.001,-0.062,70.7,7.3,,,0.062,88.0,-7,7,0.016,0.984,28,30,28,31,1,3,,,3,2,1.19,0.78,-0.78,39.7,4.757706455648723,14.788390259795278,27.79360371665984,38.125725556309305,19.81722905083931
147,FS,2026-03-25,87.8,-1.46,6.05,"Winn, Keaton",641355,676775,,called_strike,,,,,7,,R,L,R,SF,NYY,S,,,0,0,2026,-1.37,-0.08,-0.6964669427711498,1.6465067129376556,,,669224,2,6,Top,,,,,,,4.724283895189715,-127.86773479711246,-4.177426911444242,-16.04619988475755,25.664475807237583,-32.38870867434493,3.344627625,1.687942913,,,,88.1,1595,6.4,823244,672275,669477,650333,656305,642715,671218,664056,808982,54.1,,,,,,,,49,1,Split-Finger,0,7,7,0,7,0,7,0,Standard,Standard,244,0.0,-0.041,,,,,0.041,,-7,7,0.016,0.984,28,30,28,31,1,3,,,3,2,3.02,1.37,-1.37,37.4,,,,,
151,FF,2026-03-25,96.5,-1.42,6.25,"Winn, Keaton",592450,676775,strikeout,called_strike,,,,,8,Aaron Judge called out on strikes.,R,R,R,SF,NYY,S,2,,2,2,2026,-0.75,1.28,0.2019013678634985,1.853086190214562,,,669224,1,6,Top,,,,,,,5.987151012441903,-140.20247759726493,-8.835742987340998,-11.258320433349857,32.49021506348458,-13.390474462241658,3.522785433,1.777854331,,,,96.4,2250,6.4,823244,672275,669477,650333,656305,642715,671218,664056,808982,54.14,,0.0,0.0,1,0,0,,48,6,4-Seam Fastball,0,7,7,0,7,0,7,0,Standard,Standard,227,0.001,-0.23,,,,,0.23,,-7,7,0.015,0.985,28,34,28,34,1,3,,,3,2,1.18,0.75,0.75,45.7,,,,,
155,FS,2026-03-25,88.5,-1.56,6.15,"Winn, Keaton",592450,676775,,foul,,,,,4,,R,R,R,SF,NYY,S,,,2,2,2026,-1.24,0.13,-0.3059313462684947,2.3480468835032258,,,669224,1,6,Top,,,,,,,5.654210831692884,-128.90072809085876,-3.350050745074073,-15.018498927341492,23.302999945627494,-30.22487433497312,3.522785433,1.777854331,,,,89.1,1599,6.3,823244,672275,669477,650333,656305,642715,671218,664056,808982,54.17,,,,,,,,48,5,Split-Finger,0,7,7,0,7,0,7,0,Standard,Standard,246,0.0,0.0,79.4,8.5,,,0.0,,-7,7,0.015,0.985,28,34,28,34,1,3,,,3,2,2.74,1.24,1.24,36.5,28.37734910788572,-18.91877122994289,32.83410274467123,36.95423925880626,40.290454183623694
160,FS,2026-03-25,89.0,-1.45,6.03,"Winn, Keaton",592450,676775,,blocked_ball,,,,,14,,R,R,R,SF,NYY,B,,,1,2,2026,-1.27,-0.11,0.1994541055828258,0.6266630440010417,,,669224,1,6,Top,,,,,,,6.713735250684587,-129.4505269762895,-6.764244751159184,-15.666475703325784,24.67106078007869,-32.30239644776338,3.522785433,1.777854331,,,,89.5,1627,6.5,823244,672275,669477,650333,656305,642715,671218,664056,808982,54.05,,,,,,,,48,4,Split-Finger,0,7,7,0,7,0,7,0,Standard,Standard,249,0.0,0.05,,,,,-0.05,,-7,7,0.015,0.985,28,34,28,34,1,3,,,3,2,2.97,1.27,1.27,35.9,,,,,
166,FF,2026-03-25,95.8,-1.45,6.24,"Winn, Keaton",592450,676775,,foul,,,,,3,,R,R,R,SF,NYY,S,,,1,1,2026,-0.92,1.25,0.4910740244607929,3.057371936086298,,,669224,1,6,Top,,,,,,,7.161864377103663,-139.33099097825163,-5.459661085735033,-13.532342912603172,31.348683320825216,-14.86889679379015,3.522785433,1.777854331,234,75.6,28,95.7,2323,6.3,823244,672275,669477,650333,656305,642715,671218,664056,808982,54.22,,,,,,,,48,3,4-Seam Fastball,0,7,7,0,7,0,7,0,Standard,Standard,225,0.0,-0.067,73.4,7.3,,,0.067,88.0,-7,7,0.015,0.985,28,34,28,34,1,3,,,3,2,1.24,0.92,0.92,39.9,-4.830872677076971,7.436235357769101,35.9084028361237,46.96570550631063,12.058417224119506
170,FS,2026-03-25,86.9,-1.57,6.12,"Winn, Keaton",592450,676775,,swinging_strike,,,,,7,,R,R,R,SF,NYY,S,,,1,0,2026,-1.46,-0.02,-0.6718624931341872,1.995932877694869,,,669224,1,6,Top,,,,,,,5.189480600145856,-126.47595123592193,-3.4452738759855253,-16.775180392415287,24.969916799806484,-31.903551925230435,3.522785433,1.777854331,,,,87.2,1693,6.4,823244,672275,669477,650333,656305,642715,671218,664056,808982,54.13,,,,,,,,48,2,Split-Finger,0,7,7,0,7,0,7,0,Standard,Standard,246,0.0,-0.044,80.5,9.1,6.628470804,,0.044,,-7,7,0.015,0.985,28,34,28,34,1,3,,,3,2,3.03,1.46,1.46,35.4,36.57272761447941,-37.362389767692406,35.42455010425012,33.219083446703415,52.60585424958016
175,SI,2026-03-25,95.9,-1.52,6.12,"Winn, Keaton",592450,676775,,ball,,,,,14,,R,R,R,SF,NYY,B,,,0,0,2026,-1.2,0.59,1.0489184556175293,1.6875514238850882,,,669224,1,6,Top,,,,,,,9.477021135827398,-139.30798693387823,-7.237698565701673,-17.756605551681115,29.32454031851848,-23.09578168820789,3.522785433,1.777854331,,,,96.2,2234,6.4,823244,672275,669477,650333,656305,642715,671218,664056,808982,54.1,,,,,,,,48,1,Sinker,0,7,7,0,7,0,7,0,Standard,Standard,224,0.0,0.034,,,,,-0.034,,-7,7,0.015,0.985,28,34,28,34,1,3,,,3,2,1.89,1.2,1.2,40.1,,,,,
181,FF,2026-03-25,96.3,-1.44,6.18,"Winn, Keaton",663757,676775,field_out,hit_into_play,,,,,2,Trent Grisham lines out sharply to right fielder Jung Hoo Lee.,R,L,R,SF,NYY,X,9,line_drive,0,0,2026,-1.03,1.45,0.0710627817805498,2.8774751610255063,,,669224,0,6,Top,201.68,83.31,,,,,6.3537773419078025,-139.97505152591887,-6.258421084687241,-15.069019049933758,35.269910215367844,-11.930378075714156,3.138385827,1.583858268,341,101.7,22,95.8,2334,6.3,823244,672275,669477,650333,656305,642715,671218,664056,808982,54.19,0.534,0.758,0.0,1,0,0,6,47,1,4-Seam Fastball,0,7,7,0,7,0,7,0,Infield shade,Standard,226,0.002,-0.245,70.5,7.2,,1.29,0.245,101.7,-7,7,0.013,0.987,28,29,28,30,1,3,,,3,2,1.04,1.03,-1.03,37.7,18.076070586167692,-1.5682879110517511,25.55276186478722,38.18504305481082,27.49667998540221
191,FS,2026-03-25,90.3,-1.6,6.03,"Winn, Keaton",669224,676775,walk,ball,,,,,14,Austin Wells walks.,R,L,R,SF,NYY,B,,,3,2,2026,-1.55,0.26,0.5079338274249403,1.3569897779532072,,,,0,6,Top,,,,,,,8.572262490604725,-131.12826229097027,-5.9834279990821,-19.69834304279227,28.44118601508105,-28.087704459442545,3.254232283,1.642322835,,,,90.6,1642,6.6,823244,672275,669477,650333,656305,642715,671218,664056,808982,53.86,,0.69822,0.7,1,0,0,,46,9,Split-Finger,0,7,7,0,7,0,7,0,Standard,Standard,249,-0.002,0.359,,,,,-0.359,,-7,7,0.015,0.985,28,26,28,27,1,2,,,3,2,2.56,1.55,-1.55,38.0,,,,,
195,FF,2026-03-25,96.5,-1.48,6.21,"Winn, Keaton",669224,676775,,foul,,,,,11,,R,L,R,SF,NYY,S,,,3,2,2026,-1.17,1.36,-0.0747480915665936,3.615599377844662,,,,0,6,Top,,,,,,,6.394630745316021,-140.31055421558082,-4.268023192931629,-16.978735246797324,32.91105886221977,-13.46076939400066,3.254232283,1.642322835,264,77.5,42,96.2,2352,6.3,823244,672275,669477,650333,656305,642715,671218,664056,808982,54.24,,,,,,,,46,8,4-Seam Fastball,0,7,7,0,7,0,7,0,Standard,Standard,224,0.0,0.0,70.2,6.9,,,0.0,88.0,-7,7,0.015,0.985,28,26,28,27,1,2,,,3,2,1.1,1.17,-1.17,39.6,7.272060539255395,1.2782426223351164,23.442355809879984,33.757385117955096,20.611784349790703
204,FS,2026-03-25,88.8,-1.58,6.13,"Winn, Keaton",669224,676775,,foul,,,,,8,,R,L,R,SF,NYY,S,,,3,2,2026,-1.54,0.13,0.1131391836473121,1.6651927575153622,,,,0,6,Top,,,,,,,7.403361982507286,-129.13015765596464,-4.951837848110161,-18.73992589399761,24.880922883600523,-29.96776121311236,3.254232283,1.642322835,349,93.6,29,89.5,1588,6.6,823244,672275,669477,650333,656305,642715,671218,664056,808982,53.89,,,,,,,,46,7,Split-Finger,0,7,7,0,7,0,7,0,Standard,Standard,240,0.0,0.0,69.7,8.5,,,0.0,93.6,-7,7,0.015,0.985,28,26,28,27,1,2,,,3,2,2.75,1.54,-1.54,36.7,12.914133144073956,-23.362997277728887,38.072197370844144,31.256688936821085,38.83937983593859
213,FS,2026-03-25,89.2,-1.73,6.13,"Winn, Keaton",669224,676775,,ball,,,,,11,,R,L,R,SF,NYY,B,,,2,2,2026,-1.5,0.38,-1.71455925264179,2.819324450772024,,,,0,6,Top,,,,,,,3.249931171181581,-129.91484042571489,-2.766296388276755,-17.70621805451816,25.91892028921389,-27.480783929633663,3.254232283,1.642322835,,,,89.5,1527,6.3,823244,672275,669477,650333,656305,642715,671218,664056,808982,54.18,,,,,,,,46,6,Split-Finger,0,7,7,0,7,0,7,0,Standard,Standard,245,0.0,0.113,,,,,-0.113,,-7,7,0.015,0.985,28,26,28,27,1,2,,,3,2,2.47,1.5,-1.5,35.1,,,,,
222,FF,2026-03-25,97.7,-1.67,6.18,"Winn, Keaton",669224,676775,,foul,,,,,5,,R,L,R,SF,NYY,S,,,2,2,2026,-1.22,1.34,0.0249106254727244,2.5180300037969463,,,,0,6,Top,,,,,,,7.364295398492053,-141.95894397045285,-7.27802811485614,-18.16764064821629,32.30622868133594,-12.594244371949596,3.254232283,1.642322835,231,81.6,50,97.8,2416,6.4,823244,672275,669477,650333,656305,642715,671218,664056,808982,54.08,,,,,,,,46,5,4-Seam Fastball,0,7,7,0,7,0,7,0,Strategic,Standard,226,0.0,0.0,73.1,7.1,,,0.0,88.0,-7,7,0.015,0.985,28,26,28,27,1,2,,,3,2,1.06,1.22,-1.22,36.7,-1.0644493686549297,9.731370043061847,35.934328802729404,32.85757564863138,16.33331838264032
228,FS,2026-03-25,90.9,-1.78,6.0,"Winn, Keaton",669224,676775,,ball,,,,,14,,R,L,R,SF,NYY,B,,,1,2,2026,-1.46,-0.08,1.1851770569444022,0.4362551202197453,,,,0,6,Top,,,,,,,10.506789344107906,-131.8371693891429,-7.55553456093821,-19.25554554933202,26.91371350796813,-31.629718522957024,3.254232283,1.642322835,,,,90.9,1676,6.4,823244,672275,669477,650333,656305,642715,671218,664056,808982,54.13,,,,,,,,46,4,Split-Finger,0,7,7,0,7,0,7,0,Strategic,Standard,248,0.0,0.046,,,,,-0.046,,-7,7,0.015,0.985,28,26,28,27,1,2,,,3,2,2.84,1.46,-1.46,32.2,,,,,
234,FS,2026-03-25,90.4,-1.76,6.07,"Winn, Keaton",669224,676775,,swinging_strike,,,,,7,,R,L,R,SF,NYY,S,,,1,1,2026,-1.45,0.0,-0.4012340428042404,1.5396225302139896,,,,0,6,Top,,,,,,,6.482643284467328,-131.4503488582827,-5.070845422735609,-18.155827346135556,29.063994068736854,-31.249631704730582,3.254232283,1.642322835,,,,90.4,1706,6.4,823244,672275,669477,650333,656305,642715,671218,664056,808982,54.09,,,,,,,,46,3,Split-Finger,0,7,7,0,7,0,7,0,Strategic,Standard,241,0.0,-0.06,68.8,8.7,2.263233408,,0.06,,-7,7,0.015,0.985,28,26,28,27,1,2,,,3,2,2.8,1.45,-1.45,35.0,24.53001861024613,-21.126776131929937,32.67907434240744,37.878301517781225,38.62505416954234
244,FS,2026-03-25,88.8,-1.69,6.08,"Winn, Keaton",669224,676775,,swinging_strike,,,,,14,,R,L,R,SF,NYY,S,,,1,0,2026,-1.32,-0.02,0.326661175246133,1.1036409879385864,,,,0,6,Top,,,,,,,7.671107076647289,-129.00515869446755,-5.797599803302612,-16.336019718803765,26.738045225479976,-31.3779136216762,3.254232283,1.642322835,,,,88.8,1621,6.4,823244,672275,669477,650333,656305,642715,671218,664056,808982,54.14,,,,,,,,46,2,Split-Finger,0,7,7,0,7,0,7,0,Standard,Standard,249,0.0,-0.055,73.4,8.9,7.671796188,,0.055,,-7,7,0.015,0.985,28,26,28,27,1,2,,,3,2,2.92,1.32,-1.32,32.9,28.0741744236574,-35.02761669477342,35.03648707304862,29.93325016322992,48.16560933507581
253,FF,2026-03-25,96.3,-1.74,6.22,"Winn, Keaton",669224,676775,,ball,,,,,11,,R,L,R,SF,NYY,B,,,0,0,2026,-0.92,1.41,-1.0990787732242326,3.265872628520766,,,,0,6,Top,,,,,,,3.783782417340831,-140.03268138516265,-5.234578583467295,-12.97194472525633,35.70147063050033,-12.68271072452728,3.254232283,1.642322835,,,,95.3,2351,6.0,823244,672275,669477,650333,656305,642715,671218,664056,808982,54.46,,,,,,,,46,1,4-Seam Fastball,0,7,7,0,7,0,7,0,Standard,Standard,226,0.0,0.042,,,,,-0.042,,-7,7,0.015,0.985,28,26,28,27,1,2,,,3,2,1.08,0.92,-0.92,34.8,,,,,
27,ST,2026-03-25,80.0,1.36,5.88,"Fried, Max",650333,608331,field_out,hit_into_play,,,,,5,Luis Arraez grounds out to first baseman Ben Rice.,R,L,L,SF,NYY,X,3,ground_ball,0,1,2026,-1.75,-0.27,-0.1340896875037405,2.6219310259806776,,,,2,5,Bot,158.9,163.84,,,,,0.1161468479243323,-116.50314105490192,0.2826681699903155,-15.921202968150723,23.21791113470678,-34.86039358138328,3.124343832,1.576771654,67,86.6,4,79.8,2758,6.3,823244,669224,700250,665862,641857,676609,641355,663757,592450,54.25,0.409,0.368,0.0,1,0,0,2,45,2,Sweeper,0,7,0,7,7,0,0,7,Standard,Standard,309,-0.002,-0.217,64.9,6.1,,0.438,0.217,88.0,-7,-7,0.017,0.017,32,29,32,29,3,2,,,6,2,3.84,-1.75,-1.75,40.4,22.722182307270785,-6.106751060386851,30.194185579210643,34.94859193219598,39.59293737386072
28,SI,2026-03-25,92.6,1.05,5.96,"Fried, Max",650333,608331,,called_strike,,,,,4,,R,L,L,SF,NYY,S,,,0,0,2026,0.67,0.21,-0.6359929210759342,2.330833054797796,,,,2,5,Bot,,,,,,,-5.794262896530535,-134.92047412668654,-3.8371087869667857,9.40916331052326,25.31784460814017,-28.99661651273192,3.124343832,1.576771654,,,,94.0,2036,6.7,823244,669224,700250,665862,641857,676609,641355,663757,592450,53.76,,,,,,,,45,1,Sinker,0,7,0,7,7,0,0,7,Standard,Standard,151,0.0,-0.046,,,,,0.046,,-7,-7,0.017,0.017,32,29,32,29,3,2,,,6,2,2.41,0.67,0.67,46.8,,,,,
30,FF,2026-03-25,93.3,0.77,6.18,"Fried, Max",664056,608331,field_out,hit_into_play,,,,,9,Harrison Bader pops out to second baseman Jazz Chisholm Jr.,R,R,L,SF,NYY,X,4,popup,0,0,2026,0.36,1.25,0.6567421880045287,1.869872648578709,,,,1,5,Bot,152.27,147.93,,,,,-1.093748363623754,-135.74743560639436,-7.926182473584889,4.708219202399095,28.06961058673,-15.228865269073347,3.161204068,1.595374016,147,70.0,63,93.9,2006,6.5,823244,669224,700250,665862,641857,676609,641355,663757,592450,54.0,0.003,0.003,0.0,1,0,0,3,44,1,4-Seam Fastball,0,7,0,7,7,0,0,7,Standard,Standard,153,-0.003,-0.261,78.5,7.4,,0.003,0.261,88.0,-7,-7,0.02,0.02,32,32,32,32,2,1,,,6,2,1.36,0.36,-0.36,53.4,10.06567425259253,-3.5896178322565198,25.823582893079426,43.146006062904846,34.791570401903314
33,FC,2026-03-25,89.2,1.18,5.92,"Fried, Max",672275,608331,field_out,hit_into_play,,,,,2,"Patrick Bailey grounds out, second baseman Jazz Chisholm Jr. to first baseman Ben Rice.",R,R,L,SF,NYY,X,4,ground_ball,3,2,2026,-0.3,0.59,-0.116421564002381,2.915920470765734,,,,0,5,Bot,132.55,143.57,,,,,-2.5276120625133056,-130.12394009621582,-2.5909251119992023,-3.04313310670741,21.9831225883806,-25.114602769448787,3.22351542,1.626820866,11,93.8,-14,90.6,2208,6.6,823244,669224,700250,665862,641857,676609,641355,663757,592450,53.9,0.118,0.106,0.0,1,0,0,2,43,6,Cutter,0,7,0,7,7,0,0,7,Infield shade,Standard,164,-0.008,-0.345,73.0,6.1,,0.129,0.345,93.8,-7,-7,0.028,0.028,32,27,32,27,2,1,,,6,2,2.22,-0.3,0.3,45.0,-11.255039080858635,17.310087044146933,28.972392207838958,35.17010806630591,20.476108283872488
34,FC,2026-03-25,87.9,1.42,5.82,"Fried, Max",672275,608331,,called_strike,,,,,3,,R,R,L,SF,NYY,S,,,3,1,2026,-0.14,0.67,0.7516213360028627,3.050282144001137,,,,0,5,Bot,,,,,,,-1.2957992255406567,-128.26548989203457,-1.9731294608972847,-1.3981528929032918,21.830944068102305,-24.487664639887303,3.22351542,1.626820866,,,,89.0,2065,6.4,823244,669224,700250,665862,641857,676609,641355,663757,592450,54.07,,,,,,,,43,5,Cutter,0,7,0,7,7,0,0,7,Infield shade,Standard,162,-0.003,-0.101,,,,,0.101,,-7,-7,0.031,0.031,32,27,32,27,2,1,,,6,2,2.22,-0.14,0.14,38.5,,,,,
36,FF,2026-03-25,93.7,0.67,6.02,"Fried, Max",672275,608331,,ball,,,,,13,,R,R,L,SF,NYY,B,,,2,1,2026,0.17,1.22,-1.6955826443740494,1.1239718125319027,,,,0,5,Bot,,,,,,,-6.466212840119533,-136.15973151041334,-9.503722213586071,3.408194928932933,26.08177884187388,-15.22843406572044,3.22351542,1.626820866,,,,94.8,2082,6.7,823244,669224,700250,665862,641857,676609,641355,663757,592450,53.78,,,,,,,,43,4,4-Seam Fastball,0,7,0,7,7,0,0,7,Infield shade,Standard,144,0.004,0.137,,,,,-0.137,,-7,-7,0.027,0.027,32,27,32,27,2,1,,,6,2,1.36,0.17,-0.17,51.6,,,,,
38,FC,2026-03-25,88.7,1.08,6.05,"Fried, Max",672275,608331,,called_strike,,,,,4,,R,R,L,SF,NYY,S,,,2,0,2026,-0.24,0.47,-0.2817019677969946,2.7058243489387066,,,,0,5,Bot,,,,,,,-2.7796514502710616,-129.35864753904184,-3.0746771622207274,-2.3459614580467045,20.87090938538468,-26.53003048195337,3.22351542,1.626820866,,,,90.1,2126,6.6,823244,669224,700250,665862,641857,676609,641355,663757,592450,53.95,,,,,,,,43,3,Cutter,0,7,0,7,7,0,0,7,Infield shade,Standard,167,-0.003,-0.073,,,,,0.073,,-7,-7,0.03,0.03,32,27,32,27,2,1,,,6,2,2.37,-0.24,0.24,47.7,,,,,
40,FC,2026-03-25,90.5,1.27,5.96,"Fried, Max",672275,608331,,ball,,,,,12,,R,R,L,SF,NYY,B,,,1,0,2026,-0.06,0.67,0.2398567055823037,4.596299260869689,,,,0,5,Bot,,,,,,,-2.4325605025521035,-131.9743843023811,1.1071080056575675,-0.2343034259216942,23.047113000850157,-24.568633468310004,3.22351542,1.626820866,,,,91.6,2073,6.5,823244,669224,700250,665862,641857,676609,641355,663757,592450,54.05,,,,,,,,43,2,Cutter,0,7,0,7,7,0,0,7,Infield shade,Standard,158,0.003,0.081,,,,,-0.081,,-7,-7,0.027,0.027,32,27,32,27,2,1,,,6,2,2.06,-0.06,0.06,41.8,,,,,
42,CU,2026-03-25,71.1,1.06,6.15,"Fried, Max",672275,608331,,ball,,,,,12,,R,R,L,SF,NYY,B,,,0,0,2026,-1.06,-1.33,0.907050073101726,4.221421879734031,,,,0,5,Bot,,,,,,,1.5154116941777342,-103.16319827365928,6.279091635695624,-7.831559296525962,18.34877724183383,-42.9951107695938,3.22351542,1.626820866,,,,70.4,2483,6.1,823244,669224,700250,665862,641857,676609,641355,663757,592450,54.43,,,,,,,,43,1,Curveball,0,7,0,7,7,0,0,7,Infield shade,Standard,325,0.001,0.042,,,,,-0.042,,-7,-7,0.026,0.026,32,27,32,27,2,1,,,6,2,5.89,-1.06,1.06,50.2,,,,,
1,CH,2026-03-25,85.4,-1.82,4.78,"Webb, Logan",641857,657277,strikeout,swinging_strike,,,,,13,Ryan McMahon strikes out swinging.,R,L,R,SF,NYY,S,2,,2,2,2026,-0.91,-0.45,-0.1667360227261292,1.0408606571363088,,665862,,2,5,Top,,,,,,,5.76635813421567,-124.26807934001538,-1.407263348574006,-10.571091974732832,23.47098264852264,-36.74624190373329,3.31742126,1.674212598,,,,86.6,1521,6.9,823244,672275,669477,650333,656305,642715,671218,664056,808982,53.59,,0.0,0.0,1,0,0,,42,5,Changeup,0,7,7,0,7,0,7,0,Standard,Standard,274,0.003,-0.219,35.6,7.0,3.242812596,,0.219,,-7,7,0.023,0.977,29,31,30,32,3,2,,,6,2,3.56,0.91,-0.91,17.5,4.68328602124909,15.127944107780197,36.71053561907705,40.41754745348261,19.847271842247977
2,SI,2026-03-25,90.2,-1.66,4.95,"Webb, Logan",641857,657277,,swinging_strike,,,,,2,,R,L,R,SF,NYY,S,,,2,1,2026,-1.6,0.3,-0.0547567478480768,3.3683168326121784,,665862,,2,5,Top,,,,,,,7.449675248319574,-131.09726095602105,1.5536313918291365,-19.992162200146097,27.48894660621636,-29.244854069757512,3.31742126,1.674212598,,,,90.7,1946,6.7,823244,672275,669477,650333,656305,642715,671218,664056,808982,53.83,,,,,,,,42,4,Sinker,0,7,7,0,7,0,7,0,Standard,Standard,235,0.0,-0.073,73.3,6.3,0.84127458,,0.073,,-7,7,0.023,0.977,29,31,30,32,3,2,,,6,2,2.5,1.6,-1.6,24.9,4.515368232728848,8.827635473294423,31.10077342187316,39.17565952040718,20.63695218195957
4,FC,2026-03-25,89.4,-1.78,5.05,"Webb, Logan",641857,657277,,ball,,,,,11,,R,L,R,SF,NYY,B,,,1,1,2026,-0.12,0.74,-0.0075318705499452,4.221145717718667,,,665862,2,5,Top,,,,,,,4.597218128774202,-130.20385763670188,2.4941763244968223,-2.28476585111298,25.709361462507545,-24.37653188679228,3.31742126,1.674212598,,,,90.4,2192,6.7,823244,672275,669477,650333,656305,642715,671218,664056,808982,53.8,,,,,,,,42,3,Cutter,0,7,7,0,7,0,7,0,Infield shade,Standard,230,-0.001,0.055,,,,,-0.055,,-7,7,0.024,0.976,29,31,30,32,3,2,,,6,2,2.09,0.12,-0.12,25.0,,,,,
6,SI,2026-03-25,90.2,-1.79,4.95,"Webb, Logan",641857,657277,,foul,,,,,6,,R,L,R,SF,NYY,S,,,1,0,2026,-1.29,0.11,0.5312415954798952,2.745381860919395,,,665862,2,5,Top,,,,,,,8.543627776971658,-131.0789607367109,0.4480400440394578,-16.714431756657085,28.03775928439725,-31.23601538520492,3.31742126,1.674212598,153,69.2,60,90.6,1855,6.6,823244,672275,669477,650333,656305,642715,671218,664056,808982,53.88,,,,,,,,42,2,Sinker,0,7,7,0,7,0,7,0,Infield shade,Standard,233,0.0,-0.052,70.1,6.4,,,0.052,88.0,-7,7,0.024,0.976,29,31,30,32,3,2,,,6,2,2.7,1.29,-1.29,24.4,2.613036376526387,10.078220365178591,37.75668000002456,32.17254992654128,22.57677027529889
8,ST,2026-03-25,81.7,-2.13,4.8,"Webb, Logan",641857,657277,,ball,,,,,11,,R,L,R,SF,NYY,B,,,0,0,2026,1.07,0.26,-1.006538052017101,2.7269274037268625,,,665862,2,5,Top,,,,,,,0.4077791979145956,-119.01736475339165,1.5907597822767097,10.01940747675441,23.93967428496525,-30.22378218647299,3.31742126,1.674212598,,,,82.1,2488,6.6,823244,672275,669477,650333,656305,642715,671218,664056,808982,53.89,,,,,,,,42,1,Sweeper,0,7,7,0,7,0,7,0,Standard,Standard,79,0.0,0.037,,,,,-0.037,,-7,7,0.024,0.976,29,31,30,32,3,2,,,6,2,3.16,-1.07,1.07,21.6,,,,,
11,SI,2026-03-25,90.6,-1.84,4.95,"Webb, Logan",676609,657277,field_out,hit_into_play,,,,,11,José Caballero pops out to second baseman Luis Arraez.,R,R,R,SF,NYY,X,4,popup,1,1,2026,-1.34,0.14,-1.0761874002974314,2.8900623757753503,,,665862,1,5,Top,152.49,144.34,,,,,4.8501878097519855,-131.9228966922438,0.6126540587222019,-16.677155487851802,26.03446623166214,-30.86102023149847,3.083095472,1.555954724,156,58.2,43,91.8,2588,6.8,823244,672275,669477,650333,656305,642715,671218,664056,808982,53.69,0.16,0.144,0.0,1,0,0,1,41,3,Sinker,0,7,7,0,7,0,7,0,Standard,Standard,320,0.002,-0.25,63.1,5.7,,0.176,0.25,88.0,-7,7,0.022,0.978,29,29,30,30,3,2,,,6,2,2.62,1.34,1.34,25.1,7.221895883153919,14.235843198857614,29.992925887257297,19.079423812877938,27.408118921045464
13,SI,2026-03-25,90.1,-1.82,4.89,"Webb, Logan",676609,657277,,ball,,,,,11,,R,R,R,SF,NYY,B,,,0,1,2026,-1.08,0.26,-1.205608524335308,2.893422153114849,,,665862,1,5,Top,,,,,,,3.8673393369111855,-131.19412375158305,0.5871339413034382,-13.261735395062995,25.896800029778444,-29.495149932964196,3.083095472,1.555954724,,,,91.0,1786,6.6,823244,672275,669477,650333,656305,642715,671218,664056,808982,53.85,,,,,,,,41,2,Sinker,0,7,7,0,7,0,7,0,Standard,Standard,247,0.0,0.027,,,,,-0.027,,-7,7,0.022,0.978,29,29,30,30,3,2,,,6,2,2.53,1.08,1.08,24.4,,,,,
15,SI,2026-03-25,90.0,-1.6,5.05,"Webb, Logan",676609,657277,,foul,,,,,5,,R,R,R,SF,NYY,S,,,0,0,2026,-1.44,0.07,-0.1591156307163224,2.5120537853726845,,,665862,1,5,Top,,,,,,,6.686891222087221,-130.9330786275585,-0.2455141501804818,-17.955853619480713,29.687651294112158,-31.538670008909527,3.083095472,1.555954724,182,74.3,58,90.3,1826,6.7,823244,672275,669477,650333,656305,642715,671218,664056,808982,53.83,,,,,,,,41,1,Sinker,0,7,7,0,7,0,7,0,Standard,Standard,237,0.0,-0.037,68.9,6.6,,,0.037,88.0,-7,7,0.022,0.978,29,29,30,30,3,2,,,6,2,2.76,1.44,1.44,22.1,7.269409307709727,5.803248462877149,34.63753402931587,30.54164237746479,27.3777785246816
16,CH,2026-03-25,85.3,-1.88,4.74,"Webb, Logan",665862,657277,force_out,hit_into_play,,,,,8,"Jazz Chisholm Jr. grounds into a force out, first baseman Casey Schmitt to shortstop Willy Adames. Ben Rice scores. Giancarlo Stanton out at 2nd. Jazz Chisholm Jr. to 1st. Throwing error by shortstop Willy Adames.",R,L,R,SF,NYY,X,3,ground_ball,2,0,2026,-1.09,-0.49,-0.2041005271640878,1.7043487438233278,,700250,519317,0,5,Top,153.33,166.38,,,,,6.1749375148500505,-124.22413203601968,0.3317157301995883,-12.507200819484222,23.223112191666058,-37.53362697947486,3.15593832,1.592716535,8,88.6,-12,86.4,1659,6.8,823244,672275,669477,650333,656305,642715,671218,664056,808982,53.7,0.146,0.137,0.0,1,0,0,2,40,3,Changeup,0,6,6,0,7,0,7,0,Standard,Standard,270,-0.002,-0.455,73.7,8.0,,0.173,0.455,88.6,-6,6,0.024,0.976,29,28,30,28,3,2,,,6,2,3.6,1.09,-1.09,17.9,15.293635056525796,-5.243893913591795,34.00098373303938,36.0341149298515,33.27458779799103
18,SI,2026-03-25,90.2,-1.72,4.91,"Webb, Logan",665862,657277,,ball,,,,,11,,R,L,R,SF,NYY,B,,,1,0,2026,-1.61,0.37,-0.5634608793932432,4.11337357757775,,700250,519317,0,5,Top,,,,,,,6.371094168254944,-131.08338306739068,3.3546446123447207,-19.96501993602739,28.729888116264863,-28.882361512883797,3.15593832,1.592716535,,,,90.5,1909,6.6,823244,672275,669477,650333,656305,642715,671218,664056,808982,53.89,,,,,,,,40,2,Sinker,0,6,6,0,6,0,6,0,Standard,Standard,238,-0.001,0.076,,,,,-0.076,,-6,6,0.025,0.975,29,28,30,28,3,2,,,6,2,2.45,1.61,-1.61,23.8,,,,,
20,ST,2026-03-25,82.5,-2.11,4.78,"Webb, Logan",665862,657277,,ball,,,,,11,,R,L,R,SF,NYY,B,,,0,0,2026,0.37,0.27,-1.8986293889644812,2.790622384644117,,700250,519317,0,5,Top,,,,,,,-0.2515257508297827,-120.2878962854418,1.5463128892240032,3.615091871618688,21.1180444691912,-29.96927781742085,3.15593832,1.592716535,,,,83.4,2344,6.5,823244,672275,669477,650333,656305,642715,671218,664056,808982,53.96,,,,,,,,40,1,Sweeper,0,6,6,0,6,0,6,0,Standard,Standard,35,-0.001,0.05,,,,,-0.05,,-6,6,0.026,0.974,29,28,30,28,3,2,,,6,2,3.04,-0.37,0.37,21.0,,,,,
22,SI,2026-03-25,91.0,-1.79,4.98,"Webb, Logan",519317,657277,single,hit_into_play,,,,,8,Giancarlo Stanton singles on a sharp line drive to center fielder Harrison Bader. Cody Bellinger scores. Ben Rice to 2nd.,R,R,R,SF,NYY,X,8,line_drive,1,0,2026,-1.63,0.04,-0.1550019787620169,2.1129711801180147,641355,,700250,0,5,Top,133.28,69.55,,,,,7.664438240327171,-132.27414153134552,-1.159857662636398,-20.786030595894587,29.38045933985305,-31.632641268009635,3.431512467,1.731791339,263,114.4,11,91.4,1886,6.7,823244,672275,669477,650333,656305,642715,671218,664056,808982,53.81,0.866,0.914,0.9,1,1,0,6,39,2,Sinker,0,5,5,0,6,0,6,0,Strategic,Standard,246,-0.01,0.433,83.6,8.2,,1.268,-0.433,114.4,-5,5,0.036,0.964,29,36,30,37,3,2,,,6,2,2.72,1.63,1.63,22.8,7.405048144365332,6.338357449546643,32.157612678224666,43.335609813458206,20.62223241930913
25,SI,2026-03-25,90.3,-1.78,4.99,"Webb, Logan",519317,657277,,ball,,,,,13,,R,R,R,SF,NYY,B,,,0,0,2026,-1.8,0.19,-0.3749019369863366,1.3666456120585289,641355,,700250,0,5,Top,,,,,,,7.406569741231882,-131.1848174076673,-3.212727899569703,-22.34254641705333,29.53730454252143,-29.510995629219373,3.431512467,1.731791339,,,,90.6,1903,6.7,823244,672275,669477,650333,656305,642715,671218,664056,808982,53.8,,,,,,,,39,1,Sinker,0,5,5,0,5,0,5,0,Standard,Standard,243,-0.001,0.017,,,,,-0.017,,-5,5,0.037,0.963,29,36,30,37,3,2,,,6,2,2.63,1.8,1.8,24.6,,,,,
26,SI,2026-03-25,91.1,-1.72,5.0,"Webb, Logan",700250,657277,single,hit_into_play,,,,,5,Ben Rice singles on a sharp ground ball to center fielder Harrison Bader. Cody Bellinger to 3rd.,R,L,R,SF,NYY,X,8,ground_ball,0,0,2026,-1.61,0.2,0.1434735824621722,2.71245846948157,,,641355,0,5,Top,154.34,94.93,,,,,8.217279507030995,-132.33995827346448,-0.0041134625257674,-20.72602712510396,30.82767589351514,-30.10394205130092,3.280561024,1.655610236,95,100.6,5,91.6,1974,6.9,823244,672275,669477,650333,656305,642715,671218,664056,808982,53.61,0.637,0.593,0.9,1,1,0,4,38,1,Sinker,0,5,5,0,5,0,5,0,Infield shade,Standard,242,-0.019,0.468,71.5,6.7,,0.713,-0.468,100.6,-5,5,0.056,0.944,29,27,30,27,3,2,,,6,3,2.58,1.61,-1.61,22.9,1.6285693411935955,7.146473591804358,33.553364357318664,34.987111657695465,23.799338425494437
29,FC,2026-03-25,89.1,-1.87,5.05,"Webb, Logan",641355,657277,single,hit_into_play,,,,,5,Cody Bellinger singles on a line drive to right fielder Jung Hoo Lee.,R,L,R,SF,NYY,X,9,line_drive,0,0,2026,-0.38,0.84,0.1618082253112449,2.490611849902214,,,,0,5,Top,179.6,126.59,,,,,5.776576353586149,-129.6561765960039,-1.8669606856527456,-5.534817040764879,26.978512664613792,-22.504222610220666,3.344627625,1.687942913,173,95.9,13,89.4,2239,6.5,823244,672275,669477,650333,656305,642715,671218,664056,808982,54.02,0.957,0.907,0.9,1,1,0,4,37,1,Cutter,0,5,5,0,5,0,5,0,Infield shade,Standard,233,-0.008,0.443,72.1,8.1,,1.122,-0.443,95.9,-5,5,0.064,0.936,29,30,30,31,3,2,,,6,2,2.03,0.38,-0.38,22.8,16.66453373670068,-6.229425299145113,36.12084946693148,28.455941114498096,29.503749006136378
45,SI,2026-03-25,93.0,1.22,5.89,"Fried, Max",669477,608331,force_out,hit_into_play,,,,,9,"Casey Schmitt grounds into a force out, shortstop José Caballero to second baseman Jazz Chisholm Jr. Heliot Ramos out at 2nd.",R,R,L,SF,NYY,X,6,ground_ball,1,0,2026,0.74,0.59,0.3467290539138108,2.045030847225063,,,671218,2,4,Bot,110.76,150.67,,,,,-3.875242594785389,-135.49771610597728,-5.243381040350191,9.973353950114085,27.06703898645318,-24.03008336672956,3.196309055,1.613090551,9,100.1,-13,93.9,2240,6.5,823244,669224,700250,665862,641857,676609,641355,663757,592450,53.97,0.276,0.253,0.0,1,0,0,2,36,2,Sinker,0,5,0,5,5,0,0,5,Infield shade,Standard,148,-0.013,-0.312,71.6,7.3,,0.283,0.312,100.1,-5,-5,0.077,0.077,32,27,32,27,2,1,,,6,2,2.02,0.74,-0.74,42.1,9.05039261422682,17.315149106037875,32.51155382925892,35.58669536943238,21.85037806055313
46,FF,2026-03-25,94.6,0.77,6.11,"Fried, Max",669477,608331,,ball,,,,,14,,R,R,L,SF,NYY,B,,,0,0,2026,0.47,1.42,0.8863178309859681,2.213238636349378,,,671218,2,4,Bot,,,,,,,-0.7729443953485392,-137.52242210814794,-7.460930070568825,6.133854641231333,32.36356522687192,-12.68124782897704,3.196309055,1.613090551,,,,94.8,2199,6.6,823244,669224,700250,665862,641857,676609,641355,663757,592450,53.9,,,,,,,,36,1,4-Seam Fastball,0,5,0,5,5,0,0,5,Strategic,Standard,154,0.001,0.037,,,,,-0.037,,-5,-5,0.076,0.076,32,27,32,27,2,1,,,6,2,1.14,0.47,-0.47,53.5,,,,,
49,CH,2026-03-25,84.8,1.35,5.73,"Fried, Max",671218,608331,single,hit_into_play,,,,,12,Heliot Ramos singles on a line drive to right fielder Aaron Judge.,R,R,L,SF,NYY,X,9,line_drive,1,2,2026,0.98,0.62,1.0705409794421366,2.52615927982706,,,,2,4,Bot,145.83,112.95,,,,,-2.6558230804544034,-123.46075803790954,-2.169376028583628,10.490980727815469,26.330475517917176,-25.67307951912876,3.18402231,1.606889764,223,79.8,20,85.5,1678,6.8,823244,669224,700250,665862,641857,676609,641355,663757,592450,53.66,0.937,0.862,0.9,1,1,0,4,35,4,Changeup,0,5,0,5,5,0,0,5,Strategic,Standard,132,0.008,0.407,70.1,7.2,,1.029,-0.407,88.0,-5,-5,0.068,0.068,32,26,32,27,2,1,,,6,2,2.57,0.98,-0.98,39.2,21.26126801602628,10.243335599850592,24.35582409514478,48.51460669040448,26.34780509393839
51,CH,2026-03-25,83.2,1.37,5.68,"Fried, Max",671218,608331,,swinging_strike,,,,,14,,R,R,L,SF,NYY,S,,,1,1,2026,1.02,0.31,1.5225276960732286,2.260637288903624,,,,2,4,Bot,,,,,,,-1.6870629377138997,-121.17535998863728,-1.8165147182539627,10.377772619467503,23.22390975942662,-29.02340796053381,3.18402231,1.606889764,,,,83.7,1659,6.5,823244,669224,700250,665862,641857,676609,641355,663757,592450,53.98,,,,,,,,35,3,Changeup,0,5,0,5,5,0,0,5,Strategic,Standard,126,-0.001,-0.065,70.0,7.0,1.55174526,,0.065,,-5,-5,0.069,0.069,32,26,32,27,2,1,,,6,2,2.98,1.02,-1.02,45.4,8.69678513243573,15.380492431065704,28.285590626405508,54.18976511493615,18.905009379317384
52,SI,2026-03-25,91.5,1.2,5.93,"Fried, Max",671218,608331,,called_strike,,,,,3,,R,R,L,SF,NYY,S,,,1,0,2026,0.67,0.36,0.7953952482833095,2.9335902966997973,,,,2,4,Bot,,,,,,,-2.483236836164141,-133.2827227192344,-2.3300155878704683,8.492226776371009,27.796832786828748,-27.53756417316577,3.18402231,1.606889764,,,,92.0,2140,6.5,823244,669224,700250,665862,641857,676609,641355,663757,592450,54.02,,,,,,,,35,2,Sinker,0,5,0,5,5,0,0,5,Strategic,Standard,144,-0.001,-0.056,,,,,0.056,,-5,-5,0.07,0.07,32,26,32,27,2,1,,,6,2,2.35,0.67,-0.67,43.1,,,,,
54,SI,2026-03-25,93.4,1.23,5.96,"Fried, Max",671218,608331,,ball,,,,,14,,R,R,L,SF,NYY,B,,,0,0,2026,0.66,0.57,1.1822067051174436,1.4038068677714337,,,,2,4,Bot,,,,,,,-1.5955759453065337,-135.98563669902654,-7.012093674491016,8.498540824404664,29.89458139259007,-23.78715925926071,3.18402231,1.606889764,,,,93.7,2178,6.4,823244,669224,700250,665862,641857,676609,641355,663757,592450,54.06,,,,,,,,35,1,Sinker,0,5,0,5,5,0,0,5,Strategic,Standard,133,0.001,0.042,,,,,-0.042,,-5,-5,0.069,0.069,32,26,32,27,2,1,,,6,2,2.04,0.66,-0.66,43.5,,,,,
57,FC,2026-03-25,91.9,1.15,5.92,"Fried, Max",808982,608331,field_out,hit_into_play,,,,,7,Jung Hoo Lee flies out to center fielder Trent Grisham.,R,L,L,SF,NYY,X,8,fly_ball,2,0,2026,-0.24,0.81,-0.2810079013265134,2.021811313105791,,,,1,4,Bot,85.98,69.77,,,,,-3.073843118508125,-133.89314052205285,-5.683736745253013,-2.2841567080631067,26.94455143693049,-21.392986821360243,3.22351542,1.626820866,335,94.6,28,92.7,2225,6.6,823244,669224,700250,665862,641857,676609,641355,663757,592450,53.93,0.186,0.276,0.0,1,0,0,5,34,3,Cutter,0,5,0,5,5,0,0,5,Standard,Standard,153,-0.014,-0.377,72.6,7.9,,0.491,0.377,94.6,-5,-5,0.083,0.083,32,27,32,28,2,1,,,6,2,1.86,-0.24,-0.24,43.4,-2.37847871668874,-9.656464309038071,40.85177931683585,33.20295422286934,33.10545894009236
58,CU,2026-03-25,70.6,1.18,6.05,"Fried, Max",808982,608331,,ball,,,,,12,,R,L,L,SF,NYY,B,,,1,0,2026,-1.41,-1.34,1.0143186057831235,3.266563570026229,,,,1,4,Bot,,,,,,,2.0680905442678545,-102.55765100906486,4.773733256395801,-10.27288139236333,19.043375075863302,-42.66774008612891,3.22351542,1.626820866,,,,70.1,2676,6.2,823244,669224,700250,665862,641857,676609,641355,663757,592450,54.27,,,,,,,,34,2,Curveball,0,5,0,5,5,0,0,5,Standard,Standard,310,0.003,0.075,,,,,-0.075,,-5,-5,0.08,0.08,32,27,32,28,2,1,,,6,2,5.97,-1.41,-1.41,48.4,,,,,
60,ST,2026-03-25,82.4,1.47,5.69,"Fried, Max",808982,608331,,ball,,,,,13,,R,L,L,SF,NYY,B,,,0,0,2026,-1.63,-0.09,-2.830326998860184,-0.7160531141972828,,,,1,4,Bot,,,,,,,-6.429123078995573,-119.7142944212631,-7.489973572363234,-14.244482507296716,24.538516101398923,-31.740676012033937,3.22351542,1.626820866,,,,82.4,2826,6.5,823244,669224,700250,665862,641857,676609,641355,663757,592450,53.98,,,,,,,,34,1,Sweeper,0,5,0,5,5,0,0,5,Standard,Standard,305,0.002,0.041,,,,,-0.041,,-5,-5,0.078,0.078,32,27,32,28,2,1,,,6,2,3.48,-1.63,-1.63,39.4,,,,,
62,FF,2026-03-25,95.1,0.66,6.11,"Fried, Max",642715,608331,field_out,hit_into_play,,,,,5,Willy Adames flies out to center fielder Trent Grisham.,R,R,L,SF,NYY,X,8,fly_ball,1,2,2026,0.17,1.42,-0.145573145087049,2.576387725541006,,,,0,4,Bot,119.0,81.87,,,,,-2.50671350173768,-138.36706288042828,-6.740644578132951,2.7139447004255755,29.848786149550623,-12.607906685364574,3.22351542,1.626820866,293,82.8,30,96.4,2116,6.9,823244,669224,700250,665862,641857,676609,641355,663757,592450,53.56,0.063,0.066,0.0,1,0,0,3,33,5,4-Seam Fastball,0,5,0,5,5,0,0,5,Infield shade,Standard,146,-0.01,-0.186,75.4,8.1,,0.105,0.186,88.0,-5,-5,0.088,0.088,32,30,32,31,2,1,,,6,2,1.09,0.17,-0.17,51.6,14.00907031183194,5.469443615414362,33.525174742457985,38.23068666433217,23.570910843243706
65,CU,2026-03-25,75.7,1.04,6.15,"Fried, Max",642715,608331,,ball,,,,,12,,R,R,L,SF,NYY,B,,,0,2,2026,-1.1,-1.21,1.317746852219382,2.663365738318785,,,,0,4,Bot,,,,,,,2.5781225404713237,-110.2194182678753,2.260600850414729,-9.414158922079,20.00551578576721,-42.66427392952316,3.22351542,1.626820866,,,,75.7,2873,6.3,823244,669224,700250,665862,641857,676609,641355,663757,592450,54.17,,,,,,,,33,4,Curveball,0,5,0,5,5,0,0,5,Infield shade,Standard,325,0.001,0.022,,,,,-0.022,,-5,-5,0.087,0.087,32,30,32,31,2,1,,,6,2,5.19,-1.1,1.1,51.2,,,,,
67,CH,2026-03-25,86.5,1.2,5.78,"Fried, Max",642715,608331,,foul,,,,,7,,R,R,L,SF,NYY,S,,,0,2,2026,0.83,0.56,-0.5007766827055243,2.099391918691917,,,,0,4,Bot,,,,,,,-5.750055013322105,-125.84868534758633,-3.5505393184930787,9.940820308929936,24.552248636238957,-25.69510169572287,3.22351542,1.626820866,,,,87.2,1655,6.7,823244,669224,700250,665862,641857,676609,641355,663757,592450,53.83,,,,,,,,33,3,Changeup,0,5,0,5,5,0,0,5,Infield shade,Standard,141,0.0,0.0,43.9,5.6,,,0.0,,-5,-5,0.087,0.087,32,30,32,31,2,1,,,6,2,2.48,0.83,-0.83,41.0,-24.47138337675892,34.103178041674795,34.4352135936181,30.95039881561181,2.4035053690149257
68,CH,2026-03-25,83.4,1.38,5.68,"Fried, Max",642715,608331,,foul,,,,,14,,R,R,L,SF,NYY,S,,,0,1,2026,1.14,0.2,1.0307365889865672,1.4646285857349568,,,,0,4,Bot,,,,,,,-3.099615541194217,-121.41629578622576,-3.3866625567638566,11.903682040676124,25.40877412504456,-29.73143783213058,3.22351542,1.626820866,,,,83.8,1408,6.7,823244,669224,700250,665862,641857,676609,641355,663757,592450,53.79,,,,,,,,33,2,Changeup,0,5,0,5,5,0,0,5,Infield shade,Standard,127,-0.004,-0.053,70.7,9.2,,,0.053,,-5,-5,0.091,0.091,32,30,32,31,2,1,,,6,2,3.09,1.14,-1.14,38.1,25.509771420757016,-27.16665916794587,29.18797721143815,51.35826260821578,44.9658882536114
70,CU,2026-03-25,71.4,1.15,6.13,"Fried, Max",642715,608331,,called_strike,,,,,9,,R,R,L,SF,NYY,S,,,0,0,2026,-0.83,-1.26,0.699827171818375,1.718948552030267,,,,0,4,Bot,,,,,,,0.5352239349048206,-103.98039630291132,1.2799480035171953,-6.062758654941672,18.534038710367497,-41.74338491423581,3.22351542,1.626820866,,,,71.3,2766,6.3,823244,669224,700250,665862,641857,676609,641355,663757,592450,54.17,,,,,,,,33,1,Curveball,0,5,0,5,5,0,0,5,Infield shade,Standard,321,-0.002,-0.041,,,,,0.041,,-5,-5,0.093,0.093,32,30,32,31,2,1,,,6,2,5.75,-0.83,0.83,48.7,,,,,
31,CH,2026-03-25,85.7,-1.92,4.7,"Webb, Logan",592450,657277,strikeout,foul_tip,,,,,7,Aaron Judge strikes out on a foul tip.,R,R,R,SF,NYY,S,2,,2,2,2026,-0.85,-0.46,-0.4036219887277642,1.8417918168002427,,641857,669224,2,4,Top,,,,,,,5.333068635544453,-124.86810457894865,0.589727001833297,-9.961910318605486,22.188822843741946,-37.30906422426464,3.522785433,1.777854331,,,,87.0,1484,6.8,823244,672275,669477,650333,656305,642715,671218,664056,808982,53.74,,0.0,0.0,1,0,0,,32,5,Changeup,0,5,5,0,5,0,5,0,Standard,Standard,270,0.01,-0.232,79.6,9.1,,,0.232,,-5,5,0.083,0.917,29,34,30,34,3,2,,,6,2,3.52,0.85,0.85,18.6,28.624744183745893,-23.196638392450517,37.06468271414166,35.60929475580454,38.72601781034389
32,CH,2026-03-25,85.3,-1.77,4.69,"Webb, Logan",592450,657277,,ball,,,,,13,,R,R,R,SF,NYY,B,,,1,2,2026,-0.95,-0.52,-0.6832840566376692,1.0023899575819764,,641857,669224,2,4,Top,,,,,,,4.5246823078026335,-124.27472572162443,-1.1354269104088337,-10.716159912710069,23.57000641512524,-37.52399251774402,3.522785433,1.777854331,,,,86.6,1432,6.9,823244,672275,669477,650333,656305,642715,671218,664056,808982,53.58,,,,,,,,32,4,Changeup,0,5,5,0,5,0,5,0,Strategic,Standard,268,-0.002,0.026,,,,,-0.026,,-5,5,0.085,0.915,29,34,30,34,3,2,,,6,2,3.63,0.95,0.95,15.7,,,,,
35,FF,2026-03-25,91.0,-1.47,4.97,"Webb, Logan",592450,657277,,foul,,,,,3,,R,R,R,SF,NYY,S,,,1,1,2026,-0.98,0.94,0.7714447136774322,3.525537061296892,,641857,669224,2,4,Top,,,,,,,7.791936105577636,-132.35757094221287,0.3839038828998206,-13.211243908595431,27.189571850752007,-21.43386850879909,3.522785433,1.777854331,214,74.8,24,92.1,2063,6.9,823244,672275,669477,650333,656305,642715,671218,664056,808982,53.6,,,,,,,,32,3,4-Seam Fastball,0,5,5,0,5,0,5,0,Infield shade,Standard,237,0.003,-0.061,73.0,7.5,,,0.061,88.0,-5,5,0.082,0.918,29,34,30,34,3,2,,,6,2,1.81,0.98,0.98,27.1,12.380731266552102,1.1001650624180028,29.241719502087467,49.73105407757707,20.57318412832268
37,FF,2026-03-25,90.8,-1.41,5.05,"Webb, Logan",592450,657277,,ball,,,,,12,,R,R,R,SF,NYY,B,,,0,1,2026,-0.84,0.89,0.5847775673592919,3.989111529836978,,641857,669224,2,4,Top,,,,,,,6.828967002663746,-132.10154766459075,1.486636596524451,-11.27366652114818,27.298878002160173,-22.302909526737785,3.522785433,1.777854331,,,,91.9,1984,6.9,823244,672275,669477,650333,656305,642715,671218,664056,808982,53.63,,,,,,,,32,2,4-Seam Fastball,0,5,5,0,5,0,5,0,Strategic,Standard,242,-0.001,0.017,,,,,-0.017,,-5,5,0.083,0.917,29,34,30,34,3,2,,,6,2,1.87,0.84,0.84,23.3,,,,,
39,CH,2026-03-25,84.7,-1.82,4.7,"Webb, Logan",592450,657277,,swinging_strike,,,,,14,,R,R,R,SF,NYY,S,,,0,0,2026,-0.87,-0.5,0.8986148836741107,1.505652462521044,,641857,669224,2,4,Top,,,,,,,8.114771804436026,-123.14012068077557,0.0593984463538699,-10.33707080129813,21.471382079353152,-37.5549316545847,3.522785433,1.777854331,,,,85.9,1471,6.9,823244,672275,669477,650333,656305,642715,671218,664056,808982,53.64,,,,,,,,32,1,Changeup,0,5,5,0,5,0,5,0,Strategic,Standard,275,0.002,-0.035,77.7,9.3,7.237902012,,0.035,,-5,5,0.081,0.919,29,34,30,34,3,2,,,6,2,3.65,0.87,0.87,19.5,29.060830180201886,-23.501117003296955,35.33565591057824,50.53666752586952,42.83808305044059
41,FF,2026-03-25,92.0,-1.62,4.93,"Webb, Logan",663757,657277,field_out,hit_into_play,,,,,3,Trent Grisham flies out to center fielder Harrison Bader.,R,L,R,SF,NYY,X,8,fly_ball,2,2,2026,-1.0,1.12,0.2918178203383137,3.158819270741393,,641857,669224,1,4,Top,120.95,109.03,,,,,7.064101353254633,-133.88808981787676,-0.9584778502019752,-13.577940583795788,29.579120888836645,-18.755424397598336,3.138385827,1.583858268,228,72.1,42,92.9,2006,6.9,823244,672275,669477,650333,656305,642715,671218,664056,808982,53.64,0.337,0.329,0.0,1,0,0,3,31,6,4-Seam Fastball,0,5,5,0,5,0,5,0,Standard,Standard,256,0.01,-0.224,64.5,6.9,,0.419,0.224,88.0,-5,5,0.071,0.929,29,29,30,30,3,2,,,6,2,1.58,1.0,-1.0,23.8,15.333562527035216,6.635176124513899,25.26721937606693,35.19392789683724,18.5862968312978
43,SI,2026-03-25,91.9,-1.74,4.85,"Webb, Logan",663757,657277,,foul,,,,,4,,R,L,R,SF,NYY,S,,,2,2,2026,-1.47,0.34,-0.3486146870999782,2.632206837554135,,641857,669224,1,4,Top,,,,,,,6.791434123743409,-133.75392044743526,-0.3573698302884689,-19.16374116922183,27.912961187528744,-28.252041135269884,3.138385827,1.583858268,231,83.4,52,93.0,1925,6.8,823244,672275,669477,650333,656305,642715,671218,664056,808982,53.67,,,,,,,,31,5,Sinker,0,5,5,0,5,0,5,0,Standard,Standard,241,0.0,0.0,65.6,6.6,,,0.0,88.0,-5,5,0.071,0.929,29,29,30,30,3,2,,,6,2,2.35,1.47,-1.47,20.8,-2.3592747588194163,19.03869097558252,29.866743759536487,43.38363762006213,14.551667992894098
44,FF,2026-03-25,92.3,-1.68,4.94,"Webb, Logan",663757,657277,,ball,,,,,12,,R,L,R,SF,NYY,B,,,1,2,2026,-0.71,0.87,0.3528144581893461,3.988951633943679,,641857,669224,1,4,Top,,,,,,,6.731069175188055,-134.34869762431754,1.594571854277386,-9.964462663940534,26.95673916659173,-22.13989683394015,3.138385827,1.583858268,,,,93.4,2083,6.7,823244,672275,669477,650333,656305,642715,671218,664056,808982,53.76,,,,,,,,31,4,4-Seam Fastball,0,5,5,0,5,0,5,0,Standard,Standard,229,-0.002,0.059,,,,,-0.059,,-5,5,0.073,0.927,29,29,30,30,3,2,,,6,2,1.79,0.71,-0.71,23.6,,,,,
47,SI,2026-03-25,90.4,-1.69,4.91,"Webb, Logan",663757,657277,,called_strike,,,,,3,,R,L,R,SF,NYY,S,,,1,1,2026,-1.39,0.11,0.3318830951884037,2.993331878892601,,641857,669224,1,4,Top,,,,,,,8.06458960468666,-131.40286780630296,1.111631793966149,-17.842761748769007,27.302695867507364,-31.322422442190163,3.138385827,1.583858268,,,,91.3,1856,6.9,823244,672275,669477,650333,656305,642715,671218,664056,808982,53.63,,,,,,,,31,3,Sinker,0,5,5,0,5,0,5,0,Standard,Standard,237,0.003,-0.064,,,,,0.064,,-5,5,0.07,0.93,29,29,30,30,3,2,,,6,2,2.68,1.39,-1.39,22.0,,,,,
48,SI,2026-03-25,91.1,-1.97,4.93,"Webb, Logan",663757,657277,,ball,,,,,11,,R,L,R,SF,NYY,B,,,0,1,2026,-1.64,0.45,-1.4923225311358002,2.8676566469904405,,641857,669224,1,4,Top,,,,,,,4.819468981253204,-132.7799767580682,-0.176211680239032,-20.481962666109,25.2215332837311,-26.996486246811155,3.138385827,1.583858268,,,,92.4,1921,6.7,823244,672275,669477,650333,656305,642715,671218,664056,808982,53.78,,,,,,,,31,2,Sinker,0,5,5,0,5,0,5,0,Standard,Standard,243,-0.001,0.029,,,,,-0.029,,-5,5,0.071,0.929,29,29,30,30,3,2,,,6,2,2.27,1.64,-1.64,23.7,,,,,
50,FF,2026-03-25,91.1,-1.75,5.04,"Webb, Logan",663757,657277,,foul,,,,,3,,R,L,R,SF,NYY,S,,,0,0,2026,-1.08,1.12,0.3406245023675998,3.076594979155993,,641857,669224,1,4,Top,,,,,,,7.595948484322783,-132.53883508138324,-1.3354952471001331,-14.281446526845713,27.27695116330252,-18.891158151252093,3.138385827,1.583858268,,,,91.9,2074,6.7,823244,672275,669477,650333,656305,642715,671218,664056,808982,53.79,,,,,,,,31,1,4-Seam Fastball,0,5,5,0,5,0,5,0,Standard,Standard,240,0.002,-0.041,64.4,6.1,,,0.041,,-5,5,0.069,0.931,29,29,30,30,3,2,,,6,2,1.62,1.08,-1.08,26.1,5.088109537903365,20.980979473378216,27.883893892169056,34.18328163729504,12.694510011226065
53,SI,2026-03-25,90.1,-1.79,4.93,"Webb, Logan",669224,657277,single,hit_into_play,,,,,2,Austin Wells singles on a sharp ground ball to right fielder Jung Hoo Lee. Ryan McMahon to 2nd.,R,L,R,SF,NYY,X,9,ground_ball,1,1,2026,-1.39,0.11,0.129060743333861,2.974837743160961,,,641857,1,4,Top,188.8,111.65,,,,,7.779919445333225,-131.01436715476288,1.0238483136013117,-17.66995017700774,26.02754500222749,-31.31586062990406,3.254232283,1.642322835,44,100.8,-1,91.0,2014,6.7,823244,672275,669477,650333,656305,642715,671218,664056,808982,53.77,0.406,0.373,0.9,1,1,0,4,30,3,Sinker,0,5,5,0,5,0,5,0,Infield shade,Standard,246,-0.01,0.419,74.1,7.5,,0.44,-0.419,100.8,-5,5,0.079,0.921,29,26,30,27,2,1,,,6,2,2.69,1.39,-1.39,24.9,11.80492115934951,-1.7333678235465424,29.569436771620456,31.525682631500104,26.374473320686207
55,SI,2026-03-25,90.8,-1.67,4.99,"Webb, Logan",669224,657277,,foul,,,,,1,,R,L,R,SF,NYY,S,,,1,0,2026,-1.6,0.36,-0.541515741355409,3.2082082808062475,,,641857,1,4,Top,,,,,,,6.345327201516421,-132.1117027331081,0.8377848182561991,-20.12618622883508,27.45241728484803,-28.307504613476603,3.254232283,1.642322835,237,77.5,27,91.7,2012,6.8,823244,672275,669477,650333,656305,642715,671218,664056,808982,53.71,,,,,,,,30,2,Sinker,0,5,5,0,5,0,5,0,Infield shade,Standard,240,0.001,-0.044,67.4,6.3,,,0.044,88.0,-5,5,0.078,0.922,29,26,30,27,2,1,,,6,2,2.4,1.6,-1.6,21.8,-5.415582427661947,34.182459223711724,25.921830568871023,39.57017047679925,5.833262684807883
56,CH,2026-03-25,83.9,-1.92,4.65,"Webb, Logan",669224,657277,,ball,,,,,13,,R,L,R,SF,NYY,B,,,0,0,2026,-0.83,-0.22,-0.1497536446876051,1.3079871754202386,,,641857,1,4,Top,,,,,,,5.782650246353707,-122.21670144369143,-0.7353904073679617,-9.402447963159696,21.83781376468136,-34.467702484525226,3.254232283,1.642322835,,,,85.2,1540,6.9,823244,672275,669477,650333,656305,642715,671218,664056,808982,53.62,,,,,,,,30,1,Changeup,0,5,5,0,5,0,5,0,Infield shade,Standard,271,-0.001,0.034,,,,,-0.034,,-5,5,0.079,0.921,29,26,30,27,2,1,,,6,2,3.43,0.83,-0.83,16.0,,,,,
59,SI,2026-03-25,91.1,-1.61,4.94,"Webb, Logan",641857,657277,walk,ball,,,,,12,Ryan McMahon walks.,R,L,R,SF,NYY,B,,,3,2,2026,-1.46,0.38,0.9669979526858444,2.8065119151563462,,,,1,4,Top,,,,,,,9.65166712528323,-132.29636568999865,-0.0859353557105433,-19.148536396891544,27.98690248326145,-27.90772204817498,3.31742126,1.674212598,,,,92.0,1956,6.9,823244,672275,669477,650333,656305,642715,671218,664056,808982,53.59,,0.69822,0.7,1,0,0,,29,6,Sinker,0,5,5,0,5,0,5,0,Infield shade,Standard,235,-0.005,0.339,,,,,-0.339,,-5,5,0.084,0.916,29,31,30,32,2,1,,,6,2,2.38,1.46,-1.46,22.0,,,,,
61,SI,2026-03-25,90.7,-1.84,4.97,"Webb, Logan",641857,657277,,ball,,,,,11,,R,L,R,SF,NYY,B,,,2,2,2026,-1.54,0.37,-0.1151161164263461,3.827736164193008,,,,1,4,Top,,,,,,,7.683618491747385,-131.8080850016941,2.422668156802388,-19.633488944406302,27.257787640538783,-28.567463759307785,3.31742126,1.674212598,,,,91.6,1945,6.8,823244,672275,669477,650333,656305,642715,671218,664056,808982,53.69,,,,,,,,29,5,Sinker,0,5,5,0,5,0,5,0,Infield shade,Standard,244,-0.002,0.111,,,,,-0.111,,-5,5,0.086,0.914,29,31,30,32,2,1,,,6,2,2.4,1.54,-1.54,23.2,,,,,
63,ST,2026-03-25,83.7,-2.08,4.84,"Webb, Logan",641857,657277,,foul,,,,,4,,R,L,R,SF,NYY,S,,,2,1,2026,0.48,0.73,-0.5112412878270496,2.498349225669235,,,,1,4,Top,,,,,,,2.6276208218780126,-121.82875836219684,-0.2384303318719579,4.221480176395684,24.61828416253558,-25.13724703017264,3.31742126,1.674212598,162,69.3,18,84.2,2432,6.7,823244,672275,669477,650333,656305,642715,671218,664056,808982,53.84,,,,,,,,29,4,Sweeper,0,5,5,0,5,0,5,0,Infield shade,Standard,53,0.002,-0.076,78.3,7.5,,,0.076,88.0,-5,5,0.084,0.916,29,31,30,32,2,1,,,6,2,2.53,-0.48,0.48,19.0,12.424397222517465,3.684457654631221,37.69566660229072,44.78710534933905,23.54758897480112
64,SI,2026-03-25,90.4,-1.78,4.97,"Webb, Logan",641857,657277,,called_strike,,,,,1,,R,L,R,SF,NYY,S,,,2,0,2026,-1.5,0.46,-0.7597925983592524,3.3035753709364046,,,,1,4,Top,,,,,,,5.796867587066102,-131.52754592999707,0.9504809088077322,-18.683003121586296,26.94765401685147,-27.242381589176063,3.31742126,1.674212598,,,,91.1,1904,6.7,823244,672275,669477,650333,656305,642715,671218,664056,808982,53.83,,,,,,,,29,3,Sinker,0,5,5,0,5,0,5,0,Infield shade,Standard,243,0.001,-0.069,,,,,0.069,,-5,5,0.083,0.917,29,31,30,32,2,1,,,6,2,2.32,1.5,-1.5,19.4,,,,,
66,ST,2026-03-25,82.5,-1.95,4.92,"Webb, Logan",641857,657277,,ball,,,,,11,,R,L,R,SF,NYY,B,,,1,0,2026,1.13,0.27,-1.392580372976123,2.9499051446141853,,,,1,4,Top,,,,,,,-1.01093000536913,-120.03809160498687,1.775709978739615,11.071612781663724,26.81999652517417,-30.234000618026013,3.31742126,1.674212598,,,,82.3,2425,6.5,823244,672275,669477,650333,656305,642715,671218,664056,808982,54.0,,,,,,,,29,2,Sweeper,0,5,5,0,5,0,5,0,Infield shade,Standard,37,-0.001,0.075,,,,,-0.075,,-5,5,0.084,0.916,29,31,30,32,2,1,,,6,2,3.12,-1.13,1.13,18.3,,,,,
69,SI,2026-03-25,91.1,-1.81,5.05,"Webb, Logan",641857,657277,,ball,,,,,11,,R,L,R,SF,NYY,B,,,0,0,2026,-1.39,0.44,-0.8024597662661601,3.6657604940932993,,,,1,4,Top,,,,,,,5.566854430672796,-132.6838480511507,1.5418124621544045,-17.63244348363715,24.98453677327175,-27.399004211302763,3.31742126,1.674212598,,,,92.2,2007,6.6,823244,672275,669477,650333,656305,642715,671218,664056,808982,53.87,,,,,,,,29,1,Sinker,0,5,5,0,5,0,5,0,Infield shade,Standard,241,-0.001,0.041,,,,,-0.041,,-5,5,0.085,0.915,29,31,30,32,2,1,,,6,2,2.27,1.39,-1.39,26.0,,,,,
71,CH,2026-03-25,85.3,-1.89,4.86,"Webb, Logan",676609,657277,field_out,hit_into_play,,,,,13,"José Caballero grounds out, third baseman Matt Chapman to first baseman Casey Schmitt.",R,R,R,SF,NYY,X,5,ground_ball,0,2,2026,-0.67,-0.35,-0.8994729278222078,1.834005816704988,,,,0,4,Top,98.95,163.22,,,,,3.688346553481822,-124.1618814704048,0.1047164470967076,-7.633152755765382,24.496570472182043,-36.0043188993829,3.083095472,1.555954724,115,70.8,12,86.1,1545,6.8,823244,672275,669477,650333,656305,642715,671218,664056,808982,53.75,0.311,0.289,0.0,1,0,0,2,28,3,Changeup,0,5,5,0,5,0,5,0,Standard,Standard,262,0.004,-0.165,73.5,6.8,,0.35,0.165,88.0,-5,5,0.081,0.919,29,29,30,30,2,1,,,6,2,3.47,0.67,0.67,20.8,7.020412565525244,-10.116537412851327,41.99608844874376,19.93603970172199,34.313000443450576
72,SI,2026-03-25,90.7,-1.64,5.03,"Webb, Logan",676609,657277,,called_strike,,,,,13,,R,R,R,SF,NYY,S,,,0,1,2026,-1.47,0.36,-0.9998218478257606,1.7584578641096753,,,,0,4,Top,,,,,,,4.832554548008061,-132.1204355000521,-2.871247852691955,-18.247373057566858,27.050145482068213,-27.61047051884409,3.083095472,1.555954724,,,,91.8,1986,6.8,823244,672275,669477,650333,656305,642715,671218,664056,808982,53.71,,,,,,,,28,2,Sinker,0,5,5,0,5,0,5,0,Standard,Standard,243,0.001,-0.053,,,,,0.053,,-5,5,0.08,0.92,29,29,30,30,2,1,,,6,2,2.4,1.47,1.47,21.9,,,,,
74,SI,2026-03-25,90.7,-1.86,5.04,"Webb, Logan",676609,657277,,called_strike,,,,,1,,R,R,R,SF,NYY,S,,,0,0,2026,-1.52,0.3,-0.7753467944149965,3.0958667462680274,,,,0,4,Top,,,,,,,6.028815659002514,-131.90401125174716,0.5806611724560357,-19.06249385275547,28.464674385593323,-28.973219578459616,3.083095472,1.555954724,,,,91.1,2020,6.6,823244,672275,669477,650333,656305,642715,671218,664056,808982,53.93,,,,,,,,28,1,Sinker,0,5,5,0,5,0,5,0,Standard,Standard,241,0.001,-0.041,,,,,0.041,,-5,5,0.079,0.921,29,29,30,30,2,1,,,6,2,2.47,1.52,1.52,26.0,,,,,
73,SI,2026-03-25,95.4,0.92,6.07,"Fried, Max",646240,608331,field_out,hit_into_play,,,,,14,"Rafael Devers grounds out, shortstop José Caballero to first baseman Ben Rice.",R,L,L,SF,NYY,X,6,ground_ball,0,0,2026,0.55,0.65,0.7970171238661823,1.4186658647949402,,,,2,3,Bot,135.59,143.07,,,,,-1.592130141431606,-138.7659848434036,-7.890131380206571,7.514335956945604,29.94262012415649,-22.200258794856197,3.217372047,1.623720472,5,98.2,-17,95.9,2189,6.5,823244,669224,700250,665862,641857,676609,641355,663757,592450,53.98,0.182,0.164,0.0,1,0,0,2,27,1,Sinker,0,5,0,5,5,0,0,5,Strategic,Standard,146,-0.006,-0.263,69.3,7.3,,0.187,0.263,98.2,-5,-5,0.085,0.085,32,29,32,30,2,1,,,6,2,1.85,0.55,0.55,49.3,3.2235750836491444,21.81727426991549,36.36361394374481,25.01222012075257,18.835078490944344
75,CU,2026-03-25,72.4,1.0,6.1,"Fried, Max",656305,608331,field_out,hit_into_play,,,,,6,Matt Chapman flies out to left fielder Cody Bellinger.,R,R,L,SF,NYY,X,7,fly_ball,1,1,2026,-1.05,-1.13,0.5779834905241489,2.2843056435547275,,,,1,3,Bot,88.51,62.97,,,,,0.984340181440363,-105.42454063594526,2.034818952043863,-7.973105154007823,18.86032675550851,-41.16385284748067,3.250721785,1.640551181,349,91.8,31,72.3,2843,6.3,823244,669224,700250,665862,641857,676609,641355,663757,592450,54.18,0.089,0.146,0.0,1,0,0,3,26,3,Curveball,0,5,0,5,5,0,0,5,Infield shade,Standard,324,-0.01,-0.252,75.3,7.7,,0.255,0.252,91.8,-5,-5,0.095,0.095,32,33,32,33,2,1,,,6,2,5.49,-1.05,1.05,48.9,8.371405339283989,-2.5933216828491723,19.468765285498627,44.049591053542684,30.825945094555763
77,ST,2026-03-25,81.4,1.62,5.71,"Fried, Max",656305,608331,,ball,,,,,14,,R,R,L,SF,NYY,B,,,0,1,2026,-1.23,-0.13,0.1350987592143124,1.4904353235992445,,,,1,3,Bot,,,,,,,-0.9062080951419644,-118.7171323007794,-2.46033706562706,-11.512343972808369,20.880356196737612,-33.180664663067695,3.250721785,1.640551181,,,,81.6,2884,6.2,823244,669224,700250,665862,641857,676609,641355,663757,592450,54.35,,,,,,,,26,2,Sweeper,0,5,0,5,5,0,0,5,Infield shade,Standard,295,0.002,0.032,,,,,-0.032,,-5,-5,0.093,0.093,32,33,32,33,2,1,,,6,2,3.53,-1.23,1.23,35.7,,,,,
78,SI,2026-03-25,92.5,1.08,5.94,"Fried, Max",656305,608331,,called_strike,,,,,3,,R,R,L,SF,NYY,S,,,0,0,2026,0.98,0.47,0.7236021628507702,3.0955844063021125,,,,1,3,Bot,,,,,,,-3.07926314513698,-134.84168545786778,-2.37889182603998,12.679664422148742,26.029029446878745,-26.126399032304096,3.250721785,1.640551181,,,,93.3,1944,6.4,823244,669224,700250,665862,641857,676609,641355,663757,592450,54.1,,,,,,,,26,1,Sinker,0,5,0,5,5,0,0,5,Infield shade,Standard,138,-0.002,-0.041,,,,,0.041,,-5,-5,0.095,0.095,32,33,32,33,2,1,,,6,2,2.16,0.98,-0.98,44.4,,,,,
80,SI,2026-03-25,93.3,1.04,5.88,"Fried, Max",650333,608331,field_out,hit_into_play,,,,,9,"Luis Arraez grounds out, first baseman Ben Rice to pitcher Max Fried.",R,L,L,SF,NYY,X,3,ground_ball,3,2,2026,0.76,0.23,0.4981631044395697,1.9149295817064265,,,,0,3,Bot,157.34,160.23,,,,,-3.118533261867174,-135.865930690648,-4.774143301313176,10.150185652701506,28.32122283600134,-28.5753789207011,3.124343832,1.576771654,48,95.4,1,94.2,1996,6.7,823244,669224,700250,665862,641857,676609,641355,663757,592450,53.81,0.387,0.371,0.0,1,0,0,2,25,8,Sinker,0,5,0,5,5,0,0,5,Strategic,Standard,150,-0.019,-0.345,63.9,5.9,,0.453,0.345,95.4,-5,-5,0.114,0.114,32,29,32,29,2,1,,,6,2,2.38,0.76,0.76,45.0,13.108946263311497,-3.892809057936358,41.10565134084659,27.6808186237634,36.56840003528574
82,FF,2026-03-25,94.7,0.74,6.09,"Fried, Max",650333,608331,,foul,,,,,2,,R,L,L,SF,NYY,S,,,3,2,2026,0.14,1.4,0.2213645423029409,3.1346392193328105,,,,0,3,Bot,,,,,,,-1.6695952152935856,-137.93988579324974,-5.057944608097982,2.157853579210937,30.3649662463962,-13.41705144230043,3.124343832,1.576771654,219,77.8,22,95.3,2110,6.6,823244,669224,700250,665862,641857,676609,641355,663757,592450,53.92,,,,,,,,25,7,4-Seam Fastball,0,5,0,5,5,0,0,5,Strategic,Standard,155,0.0,0.0,63.2,5.2,,,0.0,88.0,-5,-5,0.114,0.114,32,29,32,29,2,1,,,6,2,1.14,0.14,0.14,54.8,10.988193511072623,0.2295606875761364,32.06553444032943,30.53178415690961,30.575804930306735
84,SI,2026-03-25,92.2,1.16,5.88,"Fried, Max",650333,608331,,foul,,,,,3,,R,L,L,SF,NYY,S,,,3,2,2026,0.82,0.38,0.6883500521242218,2.7726398766001634,,,,0,3,Bot,,,,,,,-3.0143524535240878,-134.32269326163453,-2.756950452370803,10.530685190251774,26.944967414655206,-27.23943003674298,3.124343832,1.576771654,4,64.0,-37,93.1,1978,6.6,823244,669224,700250,665862,641857,676609,641355,663757,592450,53.92,,,,,,,,25,6,Sinker,0,5,0,5,5,0,0,5,Strategic,Standard,146,0.0,0.0,61.4,5.4,,,0.0,88.0,-5,-5,0.114,0.114,32,29,32,29,2,1,,,6,2,2.28,0.82,0.82,42.6,22.602230539923205,-3.2475014193706424,31.321270603306093,25.32046657242207,31.26321084987793
86,FF,2026-03-25,92.5,1.1,5.99,"Fried, Max",650333,608331,,called_strike,,,,,5,,R,L,L,SF,NYY,S,,,3,1,2026,0.49,1.21,-0.1618253617749224,2.078074825794447,,,,0,3,Bot,,,,,,,-4.291448671286833,-134.53926009699362,-6.668420208421373,6.879325478478256,28.24984119792189,-16.255663590975534,3.124343832,1.576771654,,,,93.2,2051,6.7,823244,669224,700250,665862,641857,676609,641355,663757,592450,53.83,,,,,,,,25,5,4-Seam Fastball,0,5,0,5,5,0,0,5,Standard,Standard,148,-0.006,-0.101,,,,,0.101,,-5,-5,0.12,0.12,32,29,32,29,2,1,,,6,2,1.45,0.49,0.49,46.4,,,,,
89,FF,2026-03-25,91.5,1.17,5.99,"Fried, Max",650333,608331,,called_strike,,,,,11,,R,L,L,SF,NYY,S,,,3,0,2026,0.37,1.19,-0.5022975121623756,3.2599657797208845,,,,0,3,Bot,,,,,,,-5.015538000022215,-133.24354818190903,-3.459470261581449,5.4685863851070735,28.794802508248143,-17.473920235923227,3.124343832,1.576771654,,,,92.2,1961,6.7,823244,669224,700250,665862,641857,676609,641355,663757,592450,53.79,,,,,,,,25,4,4-Seam Fastball,0,5,0,5,5,0,0,5,Standard,Standard,146,-0.006,-0.083,,,,,0.083,,-5,-5,0.126,0.126,32,29,32,29,2,1,,,6,2,1.53,0.37,0.37,45.2,,,,,
91,FF,2026-03-25,92.8,0.98,5.83,"Fried, Max",650333,608331,,ball,,,,,13,,R,L,L,SF,NYY,B,,,2,0,2026,0.23,1.33,-0.4950692054303783,1.0442978415393152,,,,0,3,Bot,,,,,,,-4.251602506312188,-134.8723491012728,-9.143148213375298,3.78902407016033,31.13012250970415,-14.160465646408106,3.124343832,1.576771654,,,,93.1,2013,6.7,823244,669224,700250,665862,641857,676609,641355,663757,592450,53.84,,,,,,,,25,3,4-Seam Fastball,0,5,0,5,5,0,0,5,Standard,Standard,147,0.008,0.148,,,,,-0.148,,-5,-5,0.118,0.118,32,29,32,29,2,1,,,6,2,1.34,0.23,0.23,48.7,,,,,
93,SI,2026-03-25,92.2,1.28,5.86,"Fried, Max",650333,608331,,ball,,,,,14,,R,L,L,SF,NYY,B,,,1,0,2026,0.91,0.2,0.1727065971296733,1.2015824740430654,,,,0,3,Bot,,,,,,,-4.814465544528572,-134.2134434550593,-6.286179197223093,12.02354931409062,27.28974429349165,-28.595538905364027,3.124343832,1.576771654,,,,93.1,1847,6.7,823244,669224,700250,665862,641857,676609,641355,663757,592450,53.81,,,,,,,,25,2,Sinker,0,5,0,5,5,0,0,5,Standard,Standard,142,0.005,0.081,,,,,-0.081,,-5,-5,0.113,0.113,32,29,32,29,2,1,,,6,2,2.46,0.91,0.91,40.8,,,,,
95,SI,2026-03-25,89.4,1.32,5.86,"Fried, Max",650333,608331,,ball,,,,,9,,R,L,L,SF,NYY,B,,,0,0,2026,1.05,0.47,0.3878371542437048,1.495005772182326,,,,0,3,Bot,,,,,,,-4.534683743311455,-130.22622738452097,-5.639274428071195,12.890639162967217,23.976538246127834,-25.91218585146983,3.124343832,1.576771654,,,,90.5,1898,6.6,823244,669224,700250,665862,641857,676609,641355,663757,592450,53.89,,,,,,,,25,1,Sinker,0,5,0,5,5,0,0,5,Standard,Standard,140,0.003,0.042,,,,,-0.042,,-5,-5,0.11,0.11,32,29,32,29,2,1,,,6,2,2.35,1.05,1.05,40.7,,,,,
76,CH,2026-03-25,86.9,-2.07,4.78,"Webb, Logan",665862,657277,field_out,hit_into_play,,,,,13,Jazz Chisholm Jr. grounds out to first baseman Casey Schmitt.,R,L,R,SF,NYY,X,3,ground_ball,0,2,2026,-1.01,-0.3,-0.0185166251807018,0.993498002318078,,,,2,3,Top,158.37,163.61,,,,,7.040798720277883,-126.53787611808316,-2.139492793783212,-12.164945516473496,22.36677661036218,-35.21090211870475,3.15593832,1.592716535,47,90.9,2,88.5,1558,6.9,823244,672275,669477,650333,656305,642715,671218,664056,808982,53.56,0.382,0.362,0.0,1,0,0,2,24,3,Changeup,0,5,5,0,5,0,5,0,Infield shade,Standard,272,0.002,-0.155,70.8,8.3,,0.441,0.155,90.9,-5,5,0.108,0.892,29,28,30,28,2,1,,,6,2,3.28,1.01,-1.01,16.3,17.632848621819146,-8.335172212590338,42.13386662833059,33.496106845738744,30.38391909176424
79,ST,2026-03-25,84.1,-2.11,4.8,"Webb, Logan",665862,657277,,called_strike,,,,,8,,R,L,R,SF,NYY,S,,,0,1,2026,1.04,0.27,0.1182542301889225,1.5376489965805749,,,,2,3,Top,,,,,,,3.009503805424063,-122.43943123435396,-1.5028510192121245,9.883874623184909,24.407419037164654,-29.39275788647169,3.15593832,1.592716535,,,,84.4,2544,6.5,823244,672275,669477,650333,656305,642715,671218,664056,808982,54.01,,,,,,,,24,2,Sweeper,0,5,5,0,5,0,5,0,Infield shade,Standard,46,0.001,-0.062,,,,,0.062,,-5,5,0.107,0.893,29,28,30,28,2,1,,,6,2,2.95,-1.04,1.04,18.1,,,,,
81,ST,2026-03-25,83.2,-2.05,4.86,"Webb, Logan",665862,657277,,called_strike,,,,,8,,R,L,R,SF,NYY,S,,,0,0,2026,1.42,0.04,0.2338645229370652,1.8609020034991095,,,,2,3,Top,,,,,,,2.357778749692588,-121.21561731631664,-0.3116421761185546,13.545673619587893,23.61814971146009,-31.90901903427056,3.15593832,1.592716535,,,,84.0,2525,6.8,823244,672275,669477,650333,656305,642715,671218,664056,808982,53.73,,,,,,,,24,1,Sweeper,0,5,5,0,5,0,5,0,Infield shade,Standard,51,0.001,-0.046,,,,,0.046,,-5,5,0.106,0.894,29,28,30,28,2,1,,,6,2,3.24,-1.42,1.42,20.4,,,,,
83,SI,2026-03-25,91.3,-1.72,4.95,"Webb, Logan",519317,657277,field_out,hit_into_play,,,,,4,"Giancarlo Stanton grounds out, second baseman Luis Arraez to first baseman Casey Schmitt.",R,R,R,SF,NYY,X,4,ground_ball,0,1,2026,-1.36,0.12,-0.728358354146363,2.547025059969532,,,,1,3,Top,124.43,132.99,,,,,5.506446339467137,-132.8633846067003,-0.2462307361770092,-17.325244825498615,28.10453616906957,-30.953943617444537,3.431512467,1.731791339,90,81.9,5,92.1,1831,6.8,823244,672275,669477,650333,656305,642715,671218,664056,808982,53.74,0.297,0.267,0.0,1,0,0,2,23,2,Sinker,0,5,5,0,5,0,5,0,Strategic,Standard,244,0.004,-0.22,80.1,7.4,,0.324,0.22,88.0,-5,5,0.102,0.898,29,36,30,37,2,1,,,6,2,2.61,1.36,1.36,22.8,3.508471648442292,13.535896058552613,28.75975010290029,34.94505549716513,17.951606137308584
85,SI,2026-03-25,91.7,-1.81,5.03,"Webb, Logan",519317,657277,,called_strike,,,,,11,,R,R,R,SF,NYY,S,,,0,0,2026,-1.17,0.24,-0.0834754589980755,3.583843849325622,,,,1,3,Top,,,,,,,6.916202509339134,-133.43027178013136,1.841225431656229,-15.42949461441061,28.43584455483517,-29.87086155422639,3.431512467,1.731791339,,,,92.4,1980,6.7,823244,672275,669477,650333,656305,642715,671218,664056,808982,53.82,,,,,,,,23,1,Sinker,0,5,5,0,5,0,5,0,Strategic,Standard,239,0.001,-0.041,,,,,0.041,,-5,5,0.101,0.899,29,36,30,37,2,1,,,6,2,2.46,1.17,1.17,25.3,,,,,
87,ST,2026-03-25,83.9,-1.98,4.85,"Webb, Logan",700250,657277,strikeout,called_strike,,,,,9,Ben Rice called out on strikes.,R,L,R,SF,NYY,S,2,,2,2,2026,1.15,0.18,0.5329024426500161,1.946143110824772,,,,0,3,Top,,,,,,,3.4439979657097317,-122.1913753566257,-0.4740099457615441,10.818602242227144,24.407076900908983,-30.46979546962126,3.280561024,1.655610236,,,,84.6,2471,6.7,823244,672275,669477,650333,656305,642715,671218,664056,808982,53.77,,0.0,0.0,1,0,0,,22,5,Sweeper,0,5,5,0,5,0,5,0,Infield shade,Standard,53,0.006,-0.232,,,,,0.232,,-5,5,0.095,0.905,29,27,30,27,2,1,,,6,3,3.05,-1.15,1.15,19.8,,,,,
88,SI,2026-03-25,90.4,-1.94,4.93,"Webb, Logan",700250,657277,,foul,,,,,1,,R,L,R,SF,NYY,S,,,2,1,2026,-1.46,0.08,-0.3462260946619231,3.0624891746667413,,,,0,3,Top,,,,,,,7.124307041092265,-131.47315771611486,1.327546918671568,-18.40980232876446,29.441483574440092,-31.77901592672747,3.280561024,1.655610236,204,82.0,56,90.7,1983,6.6,823244,672275,669477,650333,656305,642715,671218,664056,808982,53.89,,,,,,,,22,4,Sinker,0,5,5,0,5,0,5,0,Infield shade,Standard,237,0.002,-0.077,67.9,6.6,,,0.077,88.0,-5,5,0.093,0.907,29,27,30,27,2,1,,,6,3,2.72,1.46,-1.46,21.8,-2.612033029274138,8.197554397775505,28.35198931310105,40.30723038125747,18.592556517942445
90,ST,2026-03-25,82.6,-2.15,4.91,"Webb, Logan",700250,657277,,called_strike,,,,,4,,R,L,R,SF,NYY,S,,,2,0,2026,1.42,0.06,-0.7438413759920812,2.557707120766823,,,,0,3,Top,,,,,,,0.3527111212393132,-120.35407050225312,1.233383025176166,13.684324950634345,24.533353525447176,-32.07141564400145,3.280561024,1.655610236,,,,82.9,2473,6.5,823244,672275,669477,650333,656305,642715,671218,664056,808982,54.0,,,,,,,,22,3,Sweeper,0,5,5,0,5,0,5,0,Infield shade,Standard,52,0.002,-0.073,,,,,0.073,,-5,5,0.091,0.909,29,27,30,27,2,1,,,6,3,3.29,-1.42,1.42,22.1,,,,,
92,ST,2026-03-25,83.5,-2.16,4.94,"Webb, Logan",700250,657277,,ball,,,,,14,,R,L,R,SF,NYY,B,,,1,0,2026,1.24,-0.12,0.0836268498998547,1.4340536065176752,,,,0,3,Top,,,,,,,2.6138877503244977,-121.62093385713004,-1.1371397345849934,11.683625615968651,25.49778527492676,-33.380059939371435,3.280561024,1.655610236,,,,83.7,2450,6.5,823244,672275,669477,650333,656305,642715,671218,664056,808982,53.97,,,,,,,,22,2,Sweeper,0,5,5,0,5,0,5,0,Infield shade,Standard,35,-0.002,0.081,,,,,-0.081,,-5,5,0.093,0.907,29,27,30,27,2,1,,,6,3,3.4,-1.24,1.24,19.4,,,,,
94,SI,2026-03-25,90.8,-1.74,5.15,"Webb, Logan",700250,657277,,ball,,,,,11,,R,L,R,SF,NYY,B,,,0,0,2026,-1.39,0.45,-0.5717672399525708,3.654713314776596,,,,0,3,Top,,,,,,,5.9565630989968295,-132.06475067138885,1.3936018761926223,-17.565396045349743,29.305929586323536,-27.423405769559395,3.280561024,1.655610236,,,,91.2,1945,6.7,823244,672275,669477,650333,656305,642715,671218,664056,808982,53.83,,,,,,,,22,1,Sinker,0,5,5,0,5,0,5,0,Infield shade,Standard,243,-0.001,0.042,,,,,-0.042,,-5,5,0.094,0.906,29,27,30,27,2,1,,,6,3,2.32,1.39,-1.39,24.9,,,,,
97,FF,2026-03-25,96.4,0.6,6.17,"Fried, Max",664056,608331,strikeout,called_strike,,,,,8,Harrison Bader called out on strikes.,R,R,L,SF,NYY,S,2,,1,2,2026,0.36,1.28,0.2014999384889123,1.602265555085833,,,669477,2,2,Bot,,,,,,,-1.8981236640447448,-140.2198963761508,-9.357999870282091,5.167205817870203,29.72798470677227,-13.44948604957827,3.161204068,1.595374016,,,,97.3,2127,6.7,823244,669224,700250,665862,641857,676609,641355,663757,592450,53.82,,0.0,0.0,1,0,0,,21,5,4-Seam Fastball,0,5,0,5,5,0,0,5,Strategic,Standard,157,-0.01,-0.194,,,,,0.194,,-5,-5,0.104,0.104,32,32,32,32,1,0,,,6,2,1.16,0.36,-0.36,51.8,,,,,
99,FC,2026-03-25,92.2,0.79,6.18,"Fried, Max",664056,608331,,foul,,,,,2,,R,R,L,SF,NYY,S,,,1,2,2026,-0.15,0.51,-0.184725561876814,3.1171211079228582,,,669477,2,2,Bot,,,,,,,-2.108590349563563,-134.4244274803462,-2.963940907880416,-1.445290876356754,26.081882533304498,-25.60333829484671,3.161204068,1.595374016,142,74.6,73,92.8,2507,6.3,823244,669224,700250,665862,641857,676609,641355,663757,592450,54.17,,,,,,,,21,4,Cutter,0,5,0,5,5,0,0,5,Strategic,Standard,194,0.0,0.0,73.6,6.8,,,0.0,88.0,-5,-5,0.104,0.104,32,32,32,32,1,0,,,6,2,2.14,-0.15,0.15,49.4,10.926009589150611,-5.459001396706907,18.059620751164392,32.26138938910977,31.45581358209721
100,CU,2026-03-25,75.3,0.83,6.28,"Fried, Max",664056,608331,,ball,,,,,14,,R,R,L,SF,NYY,B,,,0,2,2026,-0.91,-1.44,1.587041824086796,1.402950775841874,,,669477,2,2,Bot,,,,,,,3.208686682816299,-109.63502334564312,-0.0616172188456525,-7.926199715922845,21.55626228556768,-43.92932917480666,3.161204068,1.595374016,,,,75.0,2835,6.3,823244,669224,700250,665862,641857,676609,641355,663757,592450,54.2,,,,,,,,21,3,Curveball,0,5,0,5,5,0,0,5,Strategic,Standard,330,0.002,0.021,,,,,-0.021,,-5,-5,0.102,0.102,32,32,32,32,1,0,,,6,2,5.49,-0.91,0.91,51.5,,,,,
102,FF,2026-03-25,96.0,0.76,6.14,"Fried, Max",664056,608331,,swinging_strike,,,,,1,,R,R,L,SF,NYY,S,,,0,1,2026,0.11,1.4,-0.6977653889180091,3.2006999721497533,,,669477,2,2,Bot,,,,,,,-4.084093510610015,-139.72598755298725,-5.263456315199449,2.2928963250765064,29.97516696424322,-12.794368763619929,3.161204068,1.595374016,,,,96.7,2194,6.6,823244,669224,700250,665862,641857,676609,641355,663757,592450,53.95,,,,,,,,21,2,4-Seam Fastball,0,5,0,5,5,0,0,5,Strategic,Standard,159,-0.004,-0.062,71.5,5.9,0.354469692,,0.062,,-5,-5,0.106,0.106,32,32,32,32,1,0,,,6,2,1.06,0.11,-0.11,53.2,2.997145322538356,1.550856161967059,22.054608198066987,26.325101269020635,25.95869445620283
105,ST,2026-03-25,81.1,1.69,5.62,"Fried, Max",664056,608331,,foul,,,,,6,,R,R,L,SF,NYY,S,,,0,0,2026,-1.14,0.47,0.2883436964017312,2.3903069899263136,,,669477,2,2,Bot,,,,,,,-0.8926842407324729,-118.16910312573216,-1.326866842711082,-10.514765400588049,21.71061401381568,-27.753606185005477,3.161204068,1.595374016,111,58.6,68,81.1,2308,6.1,823244,669224,700250,665862,641857,676609,641355,663757,592450,54.35,,,,,,,,21,1,Sweeper,0,5,0,5,5,0,0,5,Standard,Standard,297,-0.002,-0.041,69.4,8.0,,,0.041,88.0,-5,-5,0.108,0.108,32,32,32,32,1,0,,,6,2,2.98,-1.14,1.14,35.1,15.912836708416345,-27.98516335669745,23.728937089806266,40.044040694820566,47.02830658591618
107,FF,2026-03-25,95.5,0.72,6.17,"Fried, Max",672275,608331,strikeout,called_strike,,,,,13,Patrick Bailey called out on strikes.,R,R,L,SF,NYY,S,2,,2,2,2026,0.3,1.45,-0.9586166379392836,2.1320203480714257,,,669477,1,2,Bot,,,,,,,-5.063297562508642,-138.86999200441073,-8.150836851273269,4.919648979351769,29.378485773205377,-11.764209111373685,3.22351542,1.626820866,,,,96.3,2117,6.6,823244,669224,700250,665862,641857,676609,641355,663757,592450,53.86,,0.0,0.0,1,0,0,,20,5,4-Seam Fastball,0,5,0,5,5,0,0,5,Standard,Standard,158,-0.016,-0.23,,,,,0.23,,-5,-5,0.124,0.124,32,27,32,27,1,0,,,6,2,1.04,0.3,-0.3,51.1,,,,,
108,CU,2026-03-25,74.8,0.87,6.26,"Fried, Max",672275,608331,,ball,,,,,12,,R,R,L,SF,NYY,B,,,1,2,2026,-0.96,-1.21,0.1312926423551579,3.8773211260583,,,669477,1,2,Bot,,,,,,,0.2168972078614799,-108.76724966357244,4.625905183887875,-7.658965736482116,18.56526961218588,-42.815582280678576,3.22351542,1.626820866,,,,74.9,2739,6.4,823244,669224,700250,665862,641857,676609,641355,663757,592450,54.14,,,,,,,,20,4,Curveball,0,5,0,5,5,0,0,5,Standard,Standard,327,0.003,0.05,,,,,-0.05,,-5,-5,0.121,0.121,32,27,32,27,1,0,,,6,2,5.28,-0.96,0.96,50.6,,,,,
110,FC,2026-03-25,92.9,1.02,6.0,"Fried, Max",672275,608331,,swinging_strike,,,,,5,,R,R,L,SF,NYY,S,,,1,1,2026,-0.34,0.48,-0.1229626765625543,2.1288188184053296,,,669477,1,2,Bot,,,,,,,-2.141706213086572,-135.44542719877623,-5.067250704840298,-3.7804865889253993,26.11996482662233,-25.448599805559304,3.22351542,1.626820866,,,,93.8,2203,6.5,823244,669224,700250,665862,641857,676609,641355,663757,592450,54.02,,,,,,,,20,3,Cutter,0,5,0,5,5,0,0,5,Standard,Standard,168,-0.005,-0.067,79.7,7.2,0.575730768,,0.067,,-5,-5,0.126,0.126,32,27,32,27,1,0,,,6,2,2.13,-0.34,0.34,43.5,3.556773165889883,1.3500540707278044,30.804520715802287,34.531421022472344,26.16643697881174
112,FF,2026-03-25,95.3,0.71,6.12,"Fried, Max",672275,608331,,foul,,,,,2,,R,R,L,SF,NYY,S,,,1,0,2026,0.57,1.49,-0.0827621643980214,2.7655963603612017,,,669477,1,2,Bot,,,,,,,-3.3896137282082157,-138.59877577896245,-6.349115858637644,8.118724798992613,34.53141160892477,-11.773204049490012,3.22351542,1.626820866,223,84.2,17,95.5,2233,6.7,823244,669224,700250,665862,641857,676609,641355,663757,592450,53.82,,,,,,,,20,2,4-Seam Fastball,0,5,0,5,5,0,0,5,Standard,Standard,154,-0.004,-0.044,66.2,5.9,,,0.044,88.0,-5,-5,0.13,0.13,32,27,32,27,1,0,,,6,2,1.05,0.57,-0.57,52.2,-3.132394637145378,24.828419058508164,27.986934199972172,34.12829463307387,13.553548412924927
115,CU,2026-03-25,70.8,1.11,6.14,"Fried, Max",672275,608331,,ball,,,,,14,,R,R,L,SF,NYY,B,,,0,0,2026,-0.84,-1.49,1.4247674582844498,1.9407332369955537,,,669477,1,2,Bot,,,,,,,2.0191644673148104,-102.81099274709216,2.4408812731839857,-6.225166810191005,22.23886765668785,-43.32245153925932,3.22351542,1.626820866,,,,69.7,2768,6.3,823244,669224,700250,665862,641857,676609,641355,663757,592450,54.24,,,,,,,,20,1,Curveball,0,5,0,5,5,0,0,5,Standard,Standard,322,0.003,0.034,,,,,-0.034,,-5,-5,0.127,0.127,32,27,32,27,1,0,,,6,2,6.18,-0.84,0.84,51.5,,,,,
116,FC,2026-03-25,93.9,0.94,5.97,"Fried, Max",669477,608331,hit_by_pitch,hit_by_pitch,,,,,11,Casey Schmitt hit by pitch.,R,R,L,SF,NYY,B,,,2,2,2026,-0.14,0.76,-1.6760422138156317,3.463507633473044,,,,1,2,Bot,,,,,,,-6.377722844420276,-136.71913498233894,-2.321417777514513,-0.4210737958078613,29.330671088966557,-22.277010585890107,3.196309055,1.613090551,,,,94.4,2295,6.5,823244,669224,700250,665862,641857,676609,641355,663757,592450,54.02,,0.729166,0.7,1,0,0,,19,5,Cutter,0,5,0,5,5,0,0,5,Strategic,Standard,162,0.019,0.45,,,,,-0.45,,-5,-5,0.108,0.108,32,27,32,27,1,0,,,6,2,1.81,-0.14,0.14,43.8,,,,,
119,FF,2026-03-25,94.0,0.82,6.09,"Fried, Max",669477,608331,,called_strike,,,,,7,,R,R,L,SF,NYY,S,,,2,1,2026,0.23,1.29,-0.6642405875790764,2.0316531586009443,,,,1,2,Bot,,,,,,,-4.344344369551685,-136.78574949840336,-7.595830944509574,3.784193338415743,25.743378527924587,-14.563921718587489,3.196309055,1.613090551,,,,95.2,2114,6.7,823244,669224,700250,665862,641857,676609,641355,663757,592450,53.83,,,,,,,,19,4,4-Seam Fastball,0,5,0,5,5,0,0,5,Strategic,Standard,155,-0.004,-0.076,,,,,0.076,,-5,-5,0.112,0.112,32,27,32,27,1,0,,,6,2,1.26,0.23,-0.23,53.4,,,,,
120,FC,2026-03-25,92.6,0.91,6.21,"Fried, Max",669477,608331,,ball,,,,,11,,R,R,L,SF,NYY,B,,,1,1,2026,-0.34,0.8,-0.2591385748937257,4.199482435783577,,,,1,2,Bot,,,,,,,-2.20050182951975,-134.8966872066226,-0.9780089895101244,-3.6905894471460767,28.14685451901868,-22.41072775406164,3.196309055,1.613090551,,,,92.9,2292,6.3,823244,669224,700250,665862,641857,676609,641355,663757,592450,54.19,,,,,,,,19,3,Cutter,0,5,0,5,5,0,0,5,Strategic,Standard,169,0.002,0.056,,,,,-0.056,,-5,-5,0.11,0.11,32,27,32,27,1,0,,,6,2,1.85,-0.34,0.34,48.3,,,,,
123,FC,2026-03-25,93.3,0.99,5.99,"Fried, Max",669477,608331,,ball,,,,,12,,R,R,L,SF,NYY,B,,,0,1,2026,-0.2,0.66,0.4401734504311905,4.393029165176248,,,,1,2,Bot,,,,,,,-0.929444263730524,-136.02866143732444,0.2396477203523157,-2.3879645467191057,26.249005659941236,-24.191925282968175,3.196309055,1.613090551,,,,94.0,2160,6.3,823244,669224,700250,665862,641857,676609,641355,663757,592450,54.18,,,,,,,,19,2,Cutter,0,5,0,5,5,0,0,5,Strategic,Standard,162,0.002,0.032,,,,,-0.032,,-5,-5,0.108,0.108,32,27,32,27,1,0,,,6,2,1.93,-0.2,0.2,44.2,,,,,
125,CU,2026-03-25,71.9,1.16,6.2,"Fried, Max",669477,608331,,swinging_strike,,,,,14,,R,R,L,SF,NYY,S,,,0,0,2026,-0.95,-1.27,1.0455968150901858,1.2962068198856151,,,,1,2,Bot,,,,,,,1.4114902238000535,-104.67069729126555,0.2166354325452193,-7.18467955171321,18.235119185441462,-41.73570244433513,3.196309055,1.613090551,,,,71.8,2744,6.2,823244,669224,700250,665862,641857,676609,641355,663757,592450,54.26,,,,,,,,19,1,Curveball,0,5,0,5,5,0,0,5,Standard,Standard,327,-0.002,-0.041,74.4,8.4,5.47423416,,0.041,,-5,-5,0.11,0.11,32,27,32,27,1,0,,,6,2,5.68,-0.95,0.95,52.4,21.82442603143725,-17.516352057851932,32.909972875382905,44.22242063564471,45.655901208830734
127,FC,2026-03-25,92.4,0.81,6.13,"Fried, Max",671218,608331,strikeout,swinging_strike,,,,,12,Heliot Ramos strikes out swinging.,R,R,L,SF,NYY,S,2,,2,2,2026,-0.31,0.66,0.1292041915222236,3.637217815305934,,,,0,2,Bot,,,,,,,-1.0180349277070202,-134.81337041107085,-1.96198255221861,-3.6735762876409503,23.39729813967759,-23.78194644867482,3.18402231,1.606889764,,,,93.4,2274,6.3,823244,669224,700250,665862,641857,676609,641355,663757,592450,54.18,,0.0,0.0,1,0,0,,18,5,Cutter,0,5,0,5,5,0,0,5,Strategic,Standard,177,-0.013,-0.232,63.4,5.0,2.892548292,,0.232,,-5,-5,0.123,0.123,32,26,32,27,1,0,,,6,2,1.95,-0.31,0.31,48.9,-7.1044714318469575,51.69941444020717,26.951497129158916,37.682499040836106,-6.091102439348115
129,CU,2026-03-25,76.0,0.91,6.32,"Fried, Max",671218,608331,,ball,,,,,12,,R,R,L,SF,NYY,B,,,1,2,2026,-0.93,-1.23,1.1934807318483038,2.449711225608556,,,,0,2,Bot,,,,,,,2.286694051297296,-110.61404112295575,1.4436500923727882,-8.043637067129042,20.018836588764405,-42.71067833460943,3.18402231,1.606889764,,,,76.0,2947,6.3,823244,669224,700250,665862,641857,676609,641355,663757,592450,54.21,,,,,,,,18,4,Curveball,0,5,0,5,5,0,0,5,Strategic,Standard,325,0.003,0.046,,,,,-0.046,,-5,-5,0.12,0.12,32,26,32,27,1,0,,,6,2,5.18,-0.93,0.93,51.9,,,,,
131,FF,2026-03-25,95.5,0.75,6.24,"Fried, Max",671218,608331,,ball,,,,,12,,R,R,L,SF,NYY,B,,,0,2,2026,0.23,1.19,0.0532472875899656,3.6863418596576665,,,,0,2,Bot,,,,,,,-2.340480053957468,-139.08338825436962,-3.679141287926525,3.5261477605029445,29.224311871076694,-16.135385958896173,3.18402231,1.606889764,,,,96.0,2114,6.4,823244,669224,700250,665862,641857,676609,641355,663757,592450,54.09,,,,,,,,18,3,4-Seam Fastball,0,5,0,5,5,0,0,5,Strategic,Standard,156,0.001,0.022,,,,,-0.022,,-5,-5,0.119,0.119,32,26,32,27,1,0,,,6,2,1.3,0.23,-0.23,51.4,,,,,
136,FF,2026-03-25,95.4,0.72,6.16,"Fried, Max",671218,608331,,called_strike,,,,,5,,R,R,L,SF,NYY,S,,,0,1,2026,0.24,1.33,0.0082996800488102,2.34473773593713,,,,0,2,Bot,,,,,,,-2.397622303838808,-138.85120535744545,-7.328616418878145,3.601495744758455,27.21582278082392,-13.495842810980127,3.18402231,1.606889764,,,,96.5,2089,6.6,823244,669224,700250,665862,641857,676609,641355,663757,592450,53.88,,,,,,,,18,2,4-Seam Fastball,0,5,0,5,5,0,0,5,Strategic,Standard,159,-0.004,-0.053,,,,,0.053,,-5,-5,0.123,0.123,32,26,32,27,1,0,,,6,2,1.14,0.24,-0.24,54.6,,,,,
138,FC,2026-03-25,90.2,1.13,6.0,"Fried, Max",671218,608331,,called_strike,,,,,4,,R,R,L,SF,NYY,S,,,0,0,2026,-0.22,0.67,-0.4728433583881352,2.389773168985696,,,,0,2,Bot,,,,,,,-3.476285904267324,-131.48154242357634,-4.38972354711426,-2.0153609547365923,23.00977761846429,-23.7121979247573,3.18402231,1.606889764,,,,91.4,2086,6.5,823244,669224,700250,665862,641857,676609,641355,663757,592450,53.99,,,,,,,,18,1,Cutter,0,5,0,5,5,0,0,5,Standard,Standard,165,-0.002,-0.041,,,,,0.041,,-5,-5,0.125,0.125,32,26,32,27,1,0,,,6,2,2.08,-0.22,0.22,46.5,,,,,
96,FF,2026-03-25,91.7,-1.75,4.96,"Webb, Logan",641355,657277,strikeout,swinging_strike,,,,,11,Cody Bellinger strikes out swinging.,R,L,R,SF,NYY,S,2,,1,2,2026,-1.04,0.8,-1.2215252677307933,3.6524070782802136,663757,,,2,2,Top,,,,,,,3.6503836907129097,-133.4885370322187,0.9684979084695744,-13.195836334804804,29.112849861287994,-23.090320617211283,3.344627625,1.687942913,,,,92.6,1982,6.8,823244,672275,669477,650333,656305,642715,671218,664056,808982,53.68,,0.0,0.0,1,0,0,,17,4,4-Seam Fastball,0,5,5,0,5,0,5,0,Infield shade,Standard,241,0.009,-0.238,65.8,7.1,1.107531,,0.238,,-5,5,0.116,0.884,29,30,30,31,2,1,,,6,2,1.91,1.04,-1.04,21.5,7.998724777692255,20.5509300263006,21.43531466796638,44.8945586538164,12.644237439359872
98,SI,2026-03-25,90.5,-1.7,4.9,"Webb, Logan",641355,657277,,called_strike,,,,,12,,R,L,R,SF,NYY,S,,,1,1,2026,-1.41,-0.16,0.0037856496327983,3.4778610671411734,663757,,,2,2,Top,,,,,,,7.308443988390509,-131.57540825614362,2.9763119543662526,-18.000337585124704,29.768152012967136,-34.94981753903087,3.344627625,1.687942913,,,,90.8,1878,6.7,823244,672275,669477,650333,656305,642715,671218,664056,808982,53.84,,,,,,,,17,3,Sinker,0,5,5,0,5,0,5,0,Standard,Standard,242,0.003,-0.061,,,,,0.061,,-5,5,0.113,0.887,29,30,30,31,2,1,,,6,2,2.96,1.41,-1.41,20.4,,,,,
101,FC,2026-03-25,89.7,-1.83,5.07,"Webb, Logan",641355,657277,,ball,,,,,11,,R,L,R,SF,NYY,B,,,0,1,2026,-0.1,0.67,-1.636239918740265,5.613420354915162,663757,,,2,2,Top,,,,,,,0.706011243269622,-130.62318912243342,5.970376135081281,-1.3343550104209871,25.81598039461093,-25.83186243667358,3.344627625,1.687942913,,,,90.3,2193,6.5,823244,672275,669477,650333,656305,642715,671218,664056,808982,54.01,,,,,,,,17,2,Cutter,0,5,5,0,5,0,5,0,Infield shade,Standard,222,-0.001,0.028,,,,,-0.028,,-5,5,0.114,0.886,29,30,30,31,2,1,,,6,2,2.14,0.1,-0.1,25.1,,,,,
103,SI,2026-03-25,90.9,-1.8,4.95,"Webb, Logan",641355,657277,,foul,,,,,1,,R,L,R,SF,NYY,S,,,0,0,2026,-1.49,0.14,-0.3032076755987487,3.175630612523435,663757,,,2,2,Top,,,,,,,6.996793252211041,-132.12475132332878,1.382622168763258,-18.912692795139336,29.387474945699434,-31.057772187560413,3.344627625,1.687942913,215,82.5,58,91.3,1945,6.7,823244,672275,669477,650333,656305,642715,671218,664056,808982,53.84,,,,,,,,17,1,Sinker,0,5,5,0,5,0,5,0,Infield shade,Standard,246,0.002,-0.031,67.7,6.9,,,0.031,88.0,-5,5,0.112,0.888,29,30,30,31,2,1,,,6,2,2.63,1.49,-1.49,23.4,7.645662580932953,10.217264840323423,27.3018742358686,34.62871955353225,23.073721095373344
104,CH,2026-03-25,86.1,-1.93,4.79,"Webb, Logan",592450,657277,strikeout,called_strike,,,,,8,Aaron Judge called out on strikes.,R,R,R,SF,NYY,S,2,,2,2,2026,-0.95,-0.28,-0.1805977169216381,1.796333404839733,663757,,,1,2,Top,,,,,,,6.133378186665784,-125.45374583440014,-0.1927186387824044,-11.183162688284916,21.046758498842248,-35.31728711920788,3.522785433,1.777854331,,,,87.8,1565,6.9,823244,672275,669477,650333,656305,642715,671218,664056,808982,53.62,,0.0,0.0,1,0,0,,16,5,Changeup,0,5,5,0,5,0,5,0,Strategic,Standard,276,0.018,-0.314,,,,,0.314,,-5,5,0.094,0.906,29,34,30,34,2,1,,,6,2,3.3,0.95,0.95,19.7,,,,,
106,SI,2026-03-25,91.2,-1.66,5.01,"Webb, Logan",592450,657277,,called_strike,,,,,3,,R,R,R,SF,NYY,S,,,2,1,2026,-1.32,-0.13,0.5553560542594957,3.502556265098657,663757,,,1,2,Top,,,,,,,8.463037761519946,-132.5959711264531,2.596067870773479,-17.375982629294704,28.25469271579403,-34.54612375089982,3.522785433,1.777854331,,,,91.9,1791,6.8,823244,672275,669477,650333,656305,642715,671218,664056,808982,53.74,,,,,,,,16,4,Sinker,0,5,5,0,5,0,5,0,Strategic,Standard,242,0.004,-0.113,,,,,0.113,,-5,5,0.09,0.91,29,34,30,34,2,1,,,6,2,2.88,1.32,1.32,21.2,,,,,
109,FF,2026-03-25,92.8,-1.73,5.09,"Webb, Logan",592450,657277,,ball,,,,,12,,R,R,R,SF,NYY,B,,,1,1,2026,-0.76,1.14,0.047642678313946,4.190414797658827,663757,,,1,2,Top,,,,,,,6.249931648648301,-134.95676784416622,1.163779481556225,-10.76168929932738,32.13979309226403,-18.84084047932488,3.522785433,1.777854331,,,,93.3,2130,6.8,823244,672275,669477,650333,656305,642715,671218,664056,808982,53.69,,,,,,,,16,3,4-Seam Fastball,0,5,5,0,5,0,5,0,Strategic,Standard,236,-0.002,0.019,,,,,-0.019,,-5,5,0.092,0.908,29,34,30,34,2,1,,,6,2,1.53,0.76,0.76,24.1,,,,,
111,SI,2026-03-25,91.4,-1.74,5.03,"Webb, Logan",592450,657277,,called_strike,,,,,12,,R,R,R,SF,NYY,S,,,1,0,2026,-1.29,-0.19,0.4044161248259446,3.740606039890188,663757,,,1,2,Top,,,,,,,8.216011201570959,-132.80617688144827,3.2848200829262075,-16.997782242324693,29.72962172861845,-35.430876620619884,3.522785433,1.777854331,,,,91.9,1935,6.8,823244,672275,669477,650333,656305,642715,671218,664056,808982,53.74,,,,,,,,16,2,Sinker,0,5,5,0,5,0,5,0,Strategic,Standard,244,0.002,-0.052,,,,,0.052,,-5,5,0.09,0.91,29,34,30,34,2,1,,,6,2,2.94,1.29,1.29,22.3,,,,,
113,FF,2026-03-25,92.1,-1.54,5.14,"Webb, Logan",592450,657277,,ball,,,,,12,,R,R,R,SF,NYY,B,,,0,0,2026,-0.8,1.16,0.967938587415267,3.721088692102512,663757,,,1,2,Top,,,,,,,8.134184538792153,-133.87996008350314,-0.14130396947738,-11.45280412341973,30.4293315298767,-18.437589725048856,3.522785433,1.777854331,,,,92.8,2050,6.9,823244,672275,669477,650333,656305,642715,671218,664056,808982,53.6,,,,,,,,16,1,4-Seam Fastball,0,5,5,0,5,0,5,0,Strategic,Standard,243,-0.001,0.02,,,,,-0.02,,-5,5,0.091,0.909,29,34,30,34,2,1,,,6,2,1.54,0.8,0.8,26.0,,,,,
114,CH,2026-03-25,85.8,-1.89,4.81,"Webb, Logan",663757,657277,triple,hit_into_play,,,,,8,Trent Grisham triples (1) on a sharp fly ball to right fielder Jung Hoo Lee. Ryan McMahon scores. Austin Wells scores.,R,L,R,SF,NYY,X,9,fly_ball,0,0,2026,-1.35,-0.44,0.0658789833532407,1.5169580697564302,,641857,669224,1,2,Top,162.58,45.22,,,,,7.393516868321216,-124.85636216950712,-0.4842957740711484,-15.520563180305132,22.094638372389685,-36.96383062840564,3.138385827,1.583858268,390,105.7,22,87.0,1545,6.8,823244,672275,669477,650333,656305,642715,671218,664056,808982,53.74,0.843,1.415,1.6,1,1,2,6,15,1,Changeup,0,3,3,0,5,0,5,0,Standard,Standard,270,-0.108,1.047,75.3,7.8,,2.609,-1.047,105.7,-3,3,0.199,0.801,29,29,30,30,2,1,,,6,2,3.51,1.35,-1.35,16.7,17.00133561701152,-1.1873897639984634,35.24660295842237,36.9312301483417,28.02022884399699
117,CH,2026-03-25,85.3,-2.05,4.78,"Webb, Logan",669224,657277,single,hit_into_play,,,,,5,Austin Wells singles on a line drive to center fielder Harrison Bader. Ryan McMahon to 2nd.,R,L,R,SF,NYY,X,8,line_drive,0,0,2026,-0.89,-0.64,0.1820760966400785,2.5227105028963077,,,641857,1,2,Top,99.15,84.07,,,,,7.057284432175405,-123.95082854492657,2.5391893260912224,-10.63410965850932,25.555929727493623,-39.50099690039453,3.254232283,1.642322835,233,88.2,15,85.8,1359,6.7,823244,672275,669477,650333,656305,642715,671218,664056,808982,53.75,0.983,0.917,0.9,1,1,0,4,14,1,Changeup,0,3,3,0,3,0,3,0,Standard,Standard,270,-0.022,0.409,75.7,7.3,,1.111,-0.409,88.2,-3,3,0.221,0.779,29,26,30,27,1,0,,,6,2,3.79,0.89,-0.89,23.0,-0.6856911501199878,8.754638600154308,34.58616367411384,32.54906212740919,17.971333431425762
118,CH,2026-03-25,85.5,-1.94,4.78,"Webb, Logan",641857,657277,single,hit_into_play,,,,,7,Ryan McMahon singles on a ground ball to center fielder Harrison Bader. Jazz Chisholm Jr. scores. José Caballero scores.,R,L,R,SF,NYY,X,8,ground_ball,0,2,2026,-0.78,-0.45,-0.4778663333244272,1.8564037022683852,665862,676609,,1,2,Top,148.77,96.45,,,,,5.051866330722444,-124.51366768640882,0.4479207089335366,-9.051349148126707,22.0067052868476,-37.15376201309377,3.31742126,1.674212598,4,95.8,-26,87.1,1496,7.0,823244,672275,669477,650333,656305,642715,671218,664056,808982,53.53,0.105,0.1,0.9,1,1,0,2,13,3,Changeup,0,1,1,0,3,0,3,0,Infield shade,Standard,280,-0.124,0.647,66.3,6.8,,0.126,-0.647,95.8,-1,1,0.345,0.655,29,31,30,32,1,0,,,6,2,3.53,0.78,-0.78,16.6,-1.7799785628590747,16.31251452686906,34.33824292648071,44.29157430395372,18.037059064987584
121,SI,2026-03-25,91.6,-1.74,4.94,"Webb, Logan",641857,657277,,swinging_strike,,,,,2,,R,L,R,SF,NYY,S,,,0,1,2026,-1.56,0.0,-0.2653810042594342,3.081029222417385,665862,676609,,1,2,Top,,,,,,,7.145577938608211,-133.2788020062775,1.3490970411692569,-20.09899997590786,28.070296619279976,-32.676643633820035,3.31742126,1.674212598,,,,92.3,1843,6.7,823244,672275,669477,650333,656305,642715,671218,664056,808982,53.83,,,,,,,,13,2,Sinker,0,1,1,0,1,0,1,0,Infield shade,Standard,242,0.018,-0.075,50.8,5.3,0.927110892,,0.075,,-1,1,0.327,0.673,29,31,30,32,1,0,,,6,2,2.71,1.56,-1.56,22.5,-13.44736340715836,50.933850311295394,33.19242602634654,41.53131214630668,-7.175774486571241
122,SI,2026-03-25,91.4,-1.74,4.98,"Webb, Logan",641857,657277,,called_strike,,,,,2,,R,L,R,SF,NYY,S,,,0,0,2026,-1.4,0.42,0.1358877582763764,3.385724186213615,665862,676609,,1,2,Top,,,,,,,7.81989582516899,-132.9113791443966,1.1490871383331178,-18.33498999600016,28.899708482200293,-27.72837269709872,3.31742126,1.674212598,,,,92.1,1893,6.8,823244,672275,669477,650333,656305,642715,671218,664056,808982,53.74,,,,,,,,13,1,Sinker,0,1,1,0,1,0,1,0,Infield shade,Standard,244,0.011,-0.059,,,,,0.059,,-1,1,0.316,0.684,29,31,30,32,1,0,,,6,2,2.32,1.4,-1.4,22.2,,,,,
124,ST,2026-03-25,85.3,-2.03,4.78,"Webb, Logan",676609,657277,single,hit_into_play,,,,,6,José Caballero singles on a sharp line drive to left fielder Heliot Ramos. Giancarlo Stanton scores. Jazz Chisholm Jr. to 3rd. José Caballero to 2nd.,R,R,R,SF,NYY,X,7,line_drive,1,1,2026,0.11,0.07,0.3990999284772727,2.4908350160653003,,519317,665862,1,2,Top,81.37,142.65,,,,,5.440610122496582,-124.18384191849988,0.9525858066188836,0.027489807655519,25.14490798651265,-31.82375328014092,3.083095472,1.555954724,180,102.4,10,85.8,2326,6.6,823244,672275,669477,650333,656305,642715,671218,664056,808982,53.88,0.834,0.802,0.9,1,1,0,4,12,3,Sweeper,0,0,0,0,1,0,1,0,Standard,Standard,22,-0.144,0.488,71.0,7.1,,1.005,-0.488,102.4,0,0,0.46,0.54,29,29,30,30,1,0,,,6,2,3.06,-0.11,-0.11,17.7,18.954803142800767,-10.739146391966871,30.79018378029046,34.3342951451862,40.91137023180394
126,SI,2026-03-25,91.5,-1.99,4.94,"Webb, Logan",676609,657277,,ball,,,,,11,,R,R,R,SF,NYY,B,,,0,1,2026,-1.44,0.12,-1.255522178007012,3.056717325918346,,519317,665862,1,2,Top,,,,,,,5.021344124128396,-133.23238337287955,1.0326800998772812,-18.226454854504617,28.8442801824374,-31.21753027396062,3.083095472,1.555954724,,,,92.0,1831,6.6,823244,672275,669477,650333,656305,642715,671218,664056,808982,53.91,,,,,,,,12,2,Sinker,0,0,0,0,0,0,0,0,Standard,Standard,241,-0.005,0.029,,,,,-0.029,,0,0,0.465,0.535,29,29,30,30,1,0,,,6,2,2.6,1.44,1.44,24.8,,,,,
128,SI,2026-03-25,92.1,-1.85,5.01,"Webb, Logan",676609,657277,,called_strike,,,,,6,,R,R,R,SF,NYY,S,,,0,0,2026,-1.55,0.21,0.7352089145343088,2.129980131305484,,519317,665862,1,2,Top,,,,,,,9.9413894616794,-133.65567657455995,-1.663220502798687,-20.743944029472903,30.95066107214132,-29.504635742982057,3.083095472,1.555954724,,,,92.3,1752,6.7,823244,672275,669477,650333,656305,642715,671218,664056,808982,53.79,,,,,,,,12,1,Sinker,0,0,0,0,0,0,0,0,Standard,Standard,250,0.007,-0.041,,,,,0.041,,0,0,0.458,0.542,29,29,30,30,1,0,,,6,2,2.51,1.55,1.55,23.3,,,,,
132,SI,2026-03-25,92.5,-1.73,5.06,"Webb, Logan",665862,657277,hit_by_pitch,hit_by_pitch,,,,,12,Jazz Chisholm Jr. hit by pitch. Giancarlo Stanton to 2nd.,R,L,R,SF,NYY,B,,,0,0,2026,-1.38,0.34,2.073683196614253,4.086354775265442,,,519317,1,2,Top,,,,,,,12.64067128436271,-134.0046821268763,2.7977653197005017,-19.356168118154667,29.81926220340417,-28.966058737564225,3.15593832,1.592716535,,,,92.5,1838,6.6,823244,672275,669477,650333,656305,642715,671218,664056,808982,53.91,,0.729166,0.7,1,0,0,,11,1,Sinker,0,0,0,0,0,0,0,0,Infield shade,Standard,248,-0.039,0.317,,,,,-0.317,,0,0,0.497,0.503,29,28,30,28,1,0,,,6,2,2.35,1.38,-1.38,23.0,,,,,
135,CH,2026-03-25,85.6,-1.98,4.85,"Webb, Logan",519317,657277,single,hit_into_play,,,,,4,Giancarlo Stanton singles on a line drive to center fielder Harrison Bader.,R,R,R,SF,NYY,X,8,line_drive,0,1,2026,-1.31,-0.24,-0.5537066371883848,2.52671302623856,,,,1,2,Top,155.08,77.88,,,,,6.043159711924615,-124.67078851757653,1.367025124609183,-14.839770224093618,20.25696852827876,-35.14704900968626,3.431512467,1.731791339,280,91.4,18,86.8,1466,6.6,823244,672275,669477,650333,656305,642715,671218,664056,808982,53.94,0.62,0.558,0.9,1,1,0,4,10,2,Changeup,0,0,0,0,0,0,0,0,Strategic,Standard,268,-0.029,0.46,82.6,7.6,,0.705,-0.46,91.4,0,0,0.526,0.474,29,36,30,37,1,0,,,6,2,3.3,1.31,1.31,17.2,1.927229305601496,9.632222063603008,28.34462617679468,36.90407733482963,19.454029919294197
137,SI,2026-03-25,90.8,-1.86,5.11,"Webb, Logan",519317,657277,,called_strike,,,,,3,,R,R,R,SF,NYY,S,,,0,0,2026,-1.39,0.36,0.3423637216759523,3.2868972326932884,,,,1,2,Top,,,,,,,8.528549806460697,-131.98299431843492,0.7720112415336401,-18.092868738897224,28.487029125871864,-28.428918373036385,3.431512467,1.731791339,,,,91.4,1893,6.8,823244,672275,669477,650333,656305,642715,671218,664056,808982,53.74,,,,,,,,10,1,Sinker,0,0,0,0,0,0,0,0,Strategic,Standard,244,0.003,-0.041,,,,,0.041,,0,0,0.523,0.477,29,36,30,37,1,0,,,6,2,2.42,1.39,1.39,24.8,,,,,
141,SI,2026-03-25,91.2,-1.94,5.03,"Webb, Logan",700250,657277,field_out,hit_into_play,,,,,5,"Ben Rice grounds out, second baseman Luis Arraez to first baseman Casey Schmitt.",R,L,R,SF,NYY,X,4,ground_ball,0,0,2026,-1.64,0.35,-0.2210382872565375,2.3536925414474954,,,,0,2,Top,147.25,162.83,,,,,7.921724985100952,-132.64723290018532,-1.393397804066895,-21.0885704085606,28.879664164475347,-27.983771094738984,3.280561024,1.655610236,4,84.1,-33,91.8,1822,6.7,823244,672275,669477,650333,656305,642715,671218,664056,808982,53.76,0.049,0.044,0.0,1,0,0,2,9,1,Sinker,0,0,0,0,0,0,0,0,Infield shade,Standard,245,0.023,-0.259,74.0,7.1,,0.054,0.259,88.0,0,0,0.5,0.5,29,27,30,27,1,0,,,6,3,2.4,1.64,-1.64,24.9,0.164482284414792,0.6090284756001404,33.823564214305655,39.70933668081118,22.80020784847564
142,SI,2026-03-25,95.1,0.99,6.01,"Fried, Max",808982,608331,field_out,hit_into_play,,,,,5,"Jung Hoo Lee grounds out sharply, second baseman Jazz Chisholm Jr. to first baseman Ben Rice.",R,L,L,SF,NYY,X,4,ground_ball,0,0,2026,0.75,0.49,0.2181536821243809,2.264477670841738,656305,,646240,2,1,Bot,129.57,190.76,,,,,-3.720617471094248,-138.47076460996817,-5.127555154301882,10.418940036947792,28.60053604219239,-24.959692730690247,3.22351542,1.626820866,32,103.2,-3,95.9,2207,6.5,823244,669224,700250,665862,641857,676609,641355,663757,592450,53.95,0.441,0.403,0.0,1,0,0,2,8,1,Sinker,0,0,0,0,0,0,0,0,Standard,Standard,152,-0.048,-0.298,68.4,7.2,,0.482,0.298,103.2,0,0,0.548,0.548,32,27,32,28,1,0,,,6,2,2.01,0.75,0.75,47.4,-0.7665901750739125,-11.386085114224512,41.07895405692378,28.659266133093134,30.016034582132647
148,FC,2026-03-25,95.1,1.0,6.02,"Fried, Max",642715,608331,strikeout,swinging_strike,,,,,2,Willy Adames strikes out swinging.,R,R,L,SF,NYY,S,2,,2,2,2026,-0.13,0.63,0.010788992391077,2.8900890361088845,656305,,646240,1,1,Bot,,,,,,,-2.260446211552192,-138.63988404167992,-3.9347663545538656,-1.3495951965166133,25.395625140706937,-23.34879199591669,3.22351542,1.626820866,,,,96.4,2321,6.5,823244,669224,700250,665862,641857,676609,641355,663757,592450,53.95,,0.0,0.0,1,0,0,,7,5,Cutter,0,0,0,0,0,0,0,0,Infield shade,Standard,146,-0.055,-0.285,73.5,7.3,1.298702532,,0.285,,0,0,0.603,0.603,32,30,32,31,1,0,,,6,2,1.84,-0.13,0.13,45.1,1.685382196209685,14.737875083373106,33.09843588336173,37.30910902238081,13.497580168861615
152,FC,2026-03-25,94.2,0.9,6.09,"Fried, Max",642715,608331,,foul,,,,,8,,R,R,L,SF,NYY,S,,,2,1,2026,-0.05,0.68,-0.0394236537302497,1.8756174677731896,656305,,646240,1,1,Bot,,,,,,,-2.2988381503886326,-137.15500705297944,-6.543045676106396,-0.1133371560572821,30.779563370973765,-22.39441236378325,3.22351542,1.626820866,,,,94.5,2460,6.5,823244,669224,700250,665862,641857,676609,641355,663757,592450,54.03,,,,,,,,7,4,Cutter,0,0,0,0,0,0,0,0,Infield shade,Standard,159,-0.013,-0.102,76.4,8.1,,,0.102,,0,0,0.616,0.616,32,30,32,31,1,0,,,6,2,1.89,-0.05,0.05,48.3,15.031194345746984,1.313263971018637,35.17064794097888,37.36649127556707,31.768746538352048
153,CU,2026-03-25,77.2,0.9,6.21,"Fried, Max",642715,608331,,ball,,,,,13,,R,R,L,SF,NYY,B,,,1,1,2026,-0.98,-1.41,-0.4844624702478922,1.016799223034881,656305,,646240,1,1,Bot,,,,,,,-1.0897214168485156,-112.3135084276088,-1.1085328259552236,-8.008592235846422,23.372833775879165,-43.97507464838094,3.22351542,1.626820866,,,,76.9,2972,6.4,823244,669224,700250,665862,641857,676609,641355,663757,592450,54.1,,,,,,,,7,3,Curveball,0,0,0,0,0,0,0,0,Infield shade,Standard,327,0.006,0.051,,,,,-0.051,,0,0,0.61,0.61,32,30,32,31,1,0,,,6,2,5.28,-0.98,0.98,50.8,,,,,
162,FF,2026-03-25,96.0,0.68,6.27,"Fried, Max",642715,608331,,called_strike,,,,,9,,R,R,L,SF,NYY,S,,,1,0,2026,0.2,1.42,0.5161205694877229,2.009673658533369,656305,,646240,1,1,Bot,,,,,,,-0.8987889852852573,-139.46142066862586,-8.623327771134429,2.8582611372837445,35.16356882200527,-11.88883310569541,3.22351542,1.626820866,,,,95.7,2170,6.5,823244,669224,700250,665862,641857,676609,641355,663757,592450,54.01,,,,,,,,7,2,4-Seam Fastball,0,0,0,0,0,0,0,0,Standard,Standard,149,-0.006,-0.064,,,,,0.064,,0,0,0.616,0.616,32,30,32,31,1,0,,,6,2,1.09,0.2,-0.2,50.7,,,,,
165,FC,2026-03-25,93.7,0.92,6.2,"Fried, Max",642715,608331,,ball,,,,,11,,R,R,L,SF,NYY,B,,,0,0,2026,-0.21,0.74,-1.333679995689769,2.993177028525285,656305,,646240,1,1,Bot,,,,,,,-5.30720305089361,-136.39517192085296,-4.01845637439187,-1.4498267829828064,30.078022334525446,-22.28374842017585,3.22351542,1.626820866,,,,94.1,2491,6.5,823244,669224,700250,665862,641857,676609,641355,663757,592450,53.97,,,,,,,,7,1,Cutter,0,0,0,0,0,0,0,0,Standard,Standard,164,0.003,0.023,,,,,-0.023,,0,0,0.613,0.613,32,30,32,31,1,0,,,6,2,1.86,-0.21,0.21,48.6,,,,,
169,SI,2026-03-25,95.1,1.09,6.04,"Fried, Max",646240,608331,single,hit_into_play,,,,,8,Rafael Devers singles on a fly ball to center fielder Trent Grisham. Matt Chapman to 3rd.,R,L,L,SF,NYY,X,8,fly_ball,2,0,2026,0.94,0.82,0.2418711577187691,2.004373659067581,,,656305,1,1,Bot,128.5,100.0,,,,,-4.35407683493341,-138.26446428040836,-6.559401260392621,12.994470258501217,32.39756303740122,-20.386644740831077,3.217372047,1.623720472,242,74.0,40,95.5,2181,6.7,823244,669224,700250,665862,641857,676609,641355,663757,592450,53.79,0.229,0.221,0.9,1,1,0,3,6,3,Sinker,0,0,0,0,0,0,0,0,Infield shade,Standard,151,0.051,0.309,70.1,8.0,,0.279,-0.309,88.0,0,0,0.562,0.562,32,29,32,30,1,0,,,6,2,1.72,0.94,0.94,46.8,9.044845701644276,4.538354012889994,32.24547830385312,30.29419488461444,27.308366214542996
178,SI,2026-03-25,93.8,1.08,5.96,"Fried, Max",646240,608331,,ball,,,,,13,,R,L,L,SF,NYY,B,,,1,0,2026,0.68,0.54,-1.1420259709517313,1.4320634339384717,,,656305,1,1,Bot,,,,,,,-7.239515145654262,-136.2934434370772,-6.973299911381101,10.037276621887328,29.541290388458336,-24.063274701407643,3.217372047,1.623720472,,,,94.4,2120,6.7,823244,669224,700250,665862,641857,676609,641355,663757,592450,53.79,,,,,,,,6,2,Sinker,0,0,0,0,0,0,0,0,Infield shade,Standard,152,0.007,0.066,,,,,-0.066,,0,0,0.555,0.555,32,29,32,30,1,0,,,6,2,2.05,0.68,0.68,46.5,,,,,
187,SI,2026-03-25,95.3,0.9,6.13,"Fried, Max",646240,608331,,ball,,,,,13,,R,L,L,SF,NYY,B,,,0,0,2026,0.34,0.74,-1.2534044310634505,2.305383910038894,,,656305,1,1,Bot,,,,,,,-6.404008375113592,-138.60198764686845,-5.917227818872955,5.744336883160915,28.950012489165157,-21.55154020411649,3.217372047,1.623720472,,,,96.1,2163,6.6,823244,669224,700250,665862,641857,676609,641355,663757,592450,53.88,,,,,,,,6,1,Sinker,0,0,0,0,0,0,0,0,Infield shade,Standard,158,0.004,0.034,,,,,-0.034,,0,0,0.551,0.551,32,29,32,30,1,0,,,6,2,1.76,0.34,0.34,49.5,,,,,
188,CU,2026-03-25,74.7,0.99,6.32,"Fried, Max",656305,608331,force_out,hit_into_play,,,,,9,"Matt Chapman grounds into a force out, shortstop José Caballero to second baseman Jazz Chisholm Jr. Luis Arraez out at 2nd. Matt Chapman to 1st.",R,R,L,SF,NYY,X,6,ground_ball,1,2,2026,-1.21,-1.41,0.8117577484122465,2.007145415265596,,,650333,0,1,Bot,109.24,149.15,,,,,1.8279184834549491,-108.64490327820948,1.1943904721285743,-9.85901792525826,21.58246041896765,-43.682884082943055,3.250721785,1.640551181,7,93.9,-17,74.6,2810,6.5,823244,669224,700250,665862,641857,676609,641355,663757,592450,53.97,0.177,0.159,0.0,1,0,0,2,5,5,Curveball,0,0,0,0,0,0,0,0,Infield shade,Standard,331,-0.022,-0.275,72.6,7.7,,0.202,0.275,93.9,0,0,0.573,0.573,32,33,32,33,1,0,,,6,2,5.54,-1.21,1.21,52.6,8.943034921682269,-3.02677013820578,22.665811812061563,46.86725249286797,26.74496933527638
197,FC,2026-03-25,93.1,1.04,6.0,"Fried, Max",656305,608331,,foul,,,,,1,,R,R,L,SF,NYY,S,,,1,2,2026,-0.37,0.69,-0.38017557994208,3.2468909403458293,,,650333,0,1,Bot,,,,,,,-2.798022613538656,-135.6823319199518,-2.667927694440948,-3.9485205829414793,28.76190889222857,-23.3267444367854,3.250721785,1.640551181,124,77.8,9,93.8,2267,6.5,823244,669224,700250,665862,641857,676609,641355,663757,592450,53.98,,,,,,,,5,4,Cutter,0,0,0,0,0,0,0,0,Infield shade,Standard,155,0.0,0.0,69.4,5.6,,,0.0,88.0,0,0,0.573,0.573,32,33,32,33,1,0,,,6,2,1.93,-0.37,0.37,45.0,-8.69800170510091,34.809109037267035,26.05185213165048,32.36926601613217,9.380108721103412
209,FF,2026-03-25,96.0,0.72,6.18,"Fried, Max",656305,608331,,ball,,,,,11,,R,R,L,SF,NYY,B,,,0,2,2026,0.18,1.17,-0.4126899886097835,4.072739641133257,,,650333,0,1,Bot,,,,,,,-3.387649247530369,-139.83783850845484,-2.561494406843264,3.1273245358257333,29.887216675331345,-16.42162017496314,3.250721785,1.640551181,,,,96.7,2088,6.5,823244,669224,700250,665862,641857,676609,641355,663757,592450,53.98,,,,,,,,5,3,4-Seam Fastball,0,0,0,0,0,0,0,0,Infield shade,Standard,149,0.003,0.023,,,,,-0.023,,0,0,0.57,0.57,32,33,32,33,1,0,,,6,2,1.29,0.18,-0.18,53.2,,,,,
216,CH,2026-03-25,84.9,1.26,5.75,"Fried, Max",656305,608331,,foul,,,,,5,,R,R,L,SF,NYY,S,,,0,1,2026,1.28,0.4,0.183770268689555,2.429006914083968,,,650333,0,1,Bot,,,,,,,-5.13976024410009,-123.5795600436194,-2.0998735202920304,14.103603090311166,22.80360144657901,-27.876995565014944,3.250721785,1.640551181,115,70.6,11,86.1,1546,6.9,823244,669224,700250,665862,641857,676609,641355,663757,592450,53.63,,,,,,,,5,2,Changeup,0,0,0,0,0,0,0,0,Infield shade,Standard,132,-0.008,-0.05,79.0,7.0,,,0.05,88.0,0,0,0.578,0.578,32,33,32,33,1,0,,,6,2,2.74,1.28,-1.28,40.1,-2.357424633360384,12.581968325956094,28.64447702684487,40.17076409691212,15.584645705694156
220,FC,2026-03-25,91.7,1.1,6.01,"Fried, Max",656305,608331,,called_strike,,,,,12,,R,R,L,SF,NYY,S,,,0,0,2026,-0.18,0.64,0.1556870900935522,3.446485678107293,,,650333,0,1,Bot,,,,,,,-1.992013649227592,-133.69548929024555,-1.9580735176428004,-1.755728881699429,24.84954717658911,-24.22651414241674,3.250721785,1.640551181,,,,92.8,2193,6.5,823244,669224,700250,665862,641857,676609,641355,663757,592450,53.96,,,,,,,,5,1,Cutter,0,0,0,0,0,0,0,0,Standard,Standard,170,-0.005,-0.041,,,,,0.041,,0,0,0.583,0.583,32,33,32,33,1,0,,,6,2,2.03,-0.18,0.18,47.0,,,,,
232,FC,2026-03-25,90.2,1.28,5.8,"Fried, Max",650333,608331,walk,ball,,,,,13,Luis Arraez walks.,R,L,L,SF,NYY,B,,,3,0,2026,-0.01,0.74,-1.4309601445227471,1.0895929127519617,,,,0,1,Bot,,,,,,,-6.675157287405267,-131.25618429040102,-7.216297577250399,1.1280789878339017,23.557135584469048,-22.407382917851844,3.124343832,1.576771654,,,,91.3,2106,6.6,823244,669224,700250,665862,641857,676609,641355,663757,592450,53.86,,0.69822,0.7,1,0,0,,4,4,Cutter,0,0,0,0,0,0,0,0,Standard,Standard,148,0.014,0.174,,,,,-0.174,,0,0,0.569,0.569,32,29,32,29,1,0,,,6,2,2.03,-0.01,-0.01,42.6,,,,,
235,FC,2026-03-25,89.6,1.25,5.9,"Fried, Max",650333,608331,,ball,,,,,13,,R,L,L,SF,NYY,B,,,2,0,2026,0.02,0.41,-0.6391336212469542,1.117016190562114,,,,0,1,Bot,,,,,,,-4.6644525563753625,-130.53522297793882,-6.651398111899179,0.9372259237788768,20.495586521432397,-26.45976081223932,3.124343832,1.576771654,,,,91.2,2123,6.6,823244,669224,700250,665862,641857,676609,641355,663757,592450,53.87,,,,,,,,4,3,Cutter,0,0,0,0,0,0,0,0,Standard,Standard,156,0.011,0.148,,,,,-0.148,,0,0,0.558,0.558,32,29,32,29,1,0,,,6,2,2.36,0.02,0.02,43.6,,,,,
245,FF,2026-03-25,94.3,0.83,6.14,"Fried, Max",650333,608331,,ball,,,,,12,,R,L,L,SF,NYY,B,,,1,0,2026,0.34,1.29,0.787121611563177,3.396692835207181,,,,0,1,Bot,,,,,,,-0.8880617912678649,-137.42220105662437,-4.2145473426954325,4.524572462097242,29.54890146585592,-15.035424108960845,3.124343832,1.576771654,,,,95.0,2038,6.5,823244,669224,700250,665862,641857,676609,641355,663757,592450,53.96,,,,,,,,4,2,4-Seam Fastball,0,0,0,0,0,0,0,0,Standard,Standard,160,0.007,0.081,,,,,-0.081,,0,0,0.551,0.551,32,29,32,29,1,0,,,6,2,1.26,0.34,0.34,52.6,,,,,
254,FF,2026-03-25,95.3,0.66,6.12,"Fried, Max",650333,608331,,ball,,,,,13,,R,L,L,SF,NYY,B,,,0,0,2026,0.4,1.22,-0.7737673851167385,1.1872913843528987,,,,0,1,Bot,,,,,,,-4.639701145896018,-138.47189523827785,-9.873971376997824,6.127812695171471,30.761077759888217,-14.51787973895436,3.124343832,1.576771654,,,,95.8,2088,6.6,823244,669224,700250,665862,641857,676609,641355,663757,592450,53.85,,,,,,,,4,1,4-Seam Fastball,0,0,0,0,0,0,0,0,Standard,Standard,149,0.003,0.042,,,,,-0.042,,0,0,0.548,0.548,32,29,32,29,1,0,,,6,2,1.3,0.4,0.4,50.5,,,,,
145,CH,2026-03-25,86.3,-1.94,4.79,"Webb, Logan",641355,657277,field_out,hit_into_play,,,,,4,Cody Bellinger flies out to left fielder Heliot Ramos.,R,L,R,SF,NYY,X,7,fly_ball,2,1,2026,-0.53,-0.51,-0.742096256190545,2.651833562653884,,,,2,1,Top,64.06,132.45,,,,,3.938319486070268,-125.60156104502111,2.3986264465739757,-6.400112161582692,25.98078759836889,-38.25241728866601,3.344627625,1.687942913,226,85.6,53,86.9,1426,6.7,823244,672275,669477,650333,656305,642715,671218,664056,808982,53.79,0.02,0.026,0.0,1,0,0,3,3,4,Changeup,0,0,0,0,0,0,0,0,Infield shade,Standard,276,0.011,-0.302,69.1,7.8,,0.038,0.302,88.0,0,0,0.537,0.463,29,30,30,31,1,0,,,6,2,3.57,0.53,-0.53,14.4,7.897288883655394,10.47834386702834,27.994364353721902,39.5277625613854,24.54062297911754
150,SI,2026-03-25,92.4,-1.81,5.0,"Webb, Logan",641355,657277,,called_strike,,,,,2,,R,L,R,SF,NYY,S,,,2,0,2026,-1.59,0.37,0.1732468130095823,3.249280865337367,,,,2,1,Top,,,,,,,8.557548222897328,-134.22175661076358,0.7856930989355175,-21.137977067554807,32.066233902327404,-28.139730431341352,3.344627625,1.687942913,,,,92.5,1893,6.7,823244,672275,669477,650333,656305,642715,671218,664056,808982,53.83,,,,,,,,3,3,Sinker,0,0,0,0,0,0,0,0,Infield shade,Standard,243,0.003,-0.068,,,,,0.068,,0,0,0.534,0.466,29,30,30,31,1,0,,,6,2,2.33,1.59,-1.59,23.7,,,,,
154,FC,2026-03-25,91.3,-1.85,5.04,"Webb, Logan",641355,657277,,ball,,,,,12,,R,L,R,SF,NYY,B,,,1,0,2026,-0.48,0.81,0.4077651152744223,3.789297067851534,,,,2,1,Top,,,,,,,6.719069573323941,-132.88641179154567,1.0810940354957346,-7.046164964367955,26.570803910592836,-22.98308856474782,3.344627625,1.687942913,,,,92.3,2139,6.7,823244,672275,669477,650333,656305,642715,671218,664056,808982,53.77,,,,,,,,3,2,Cutter,0,0,0,0,0,0,0,0,Infield shade,Standard,231,-0.003,0.066,,,,,-0.066,,0,0,0.537,0.463,29,30,30,31,1,0,,,6,2,1.91,0.48,-0.48,23.7,,,,,
161,SI,2026-03-25,92.1,-1.72,5.09,"Webb, Logan",641355,657277,,ball,,,,,11,,R,L,R,SF,NYY,B,,,0,0,2026,-1.37,0.33,-0.4086495713437157,4.061257521412606,,,,2,1,Top,,,,,,,6.366018962209252,-133.93697311571802,2.697159346068002,-17.894858186380144,30.191190625559067,-29.125787660991023,3.344627625,1.687942913,,,,92.6,1913,6.7,823244,672275,669477,650333,656305,642715,671218,664056,808982,53.8,,,,,,,,3,1,Sinker,0,0,0,0,0,0,0,0,Infield shade,Standard,245,-0.001,0.042,,,,,-0.042,,0,0,0.538,0.462,29,30,30,31,1,0,,,6,2,2.37,1.37,-1.37,25.7,,,,,
164,SI,2026-03-25,92.6,-1.75,4.97,"Webb, Logan",592450,657277,strikeout,swinging_strike,,,,,11,Aaron Judge strikes out swinging.,R,R,R,SF,NYY,S,2,,3,2,2026,-1.48,0.09,-1.6077091128835317,3.14618380961567,,,,1,1,Top,,,,,,,3.690536193129676,-134.80319264683635,1.1469232094784012,-18.819737927027077,31.190834473963942,-31.52434270397766,3.522785433,1.777854331,,,,93.1,1888,6.7,823244,672275,669477,650333,656305,642715,671218,664056,808982,53.77,,0.0,0.0,1,0,0,,2,7,Sinker,0,0,0,0,0,0,0,0,Strategic,Standard,238,0.02,-0.345,54.8,6.8,1.679719464,,0.345,,0,0,0.518,0.482,29,34,30,34,1,0,,,6,2,2.58,1.48,1.48,22.4,5.75964867634768,-4.617620853992203,37.87566621259804,20.195663467040795,17.427727617843438
172,FF,2026-03-25,93.7,-1.64,5.12,"Webb, Logan",592450,657277,,foul,,,,,3,,R,R,R,SF,NYY,S,,,3,2,2026,-1.15,0.97,0.3848278389801254,3.5053509726916925,,,,1,1,Top,,,,,,,7.850890379159302,-136.34578165054228,-0.4729159130673311,-16.089704949689086,29.428265573778045,-20.217554549443975,3.522785433,1.777854331,99,91.9,74,94.8,2016,6.9,823244,672275,669477,650333,656305,642715,671218,664056,808982,53.61,,,,,,,,2,6,4-Seam Fastball,0,0,0,0,0,0,0,0,Strategic,Standard,238,0.0,0.0,70.3,7.8,,,0.0,91.9,0,0,0.518,0.482,29,34,30,34,1,0,,,6,2,1.63,1.15,1.15,24.0,15.111546644888971,-11.83776972282157,28.90316303413332,43.51842836881284,25.95185388652921
176,SI,2026-03-25,92.0,-1.72,4.98,"Webb, Logan",592450,657277,,foul,,,,,1,,R,R,R,SF,NYY,S,,,3,1,2026,-1.38,-0.06,-0.403698028762679,3.430612383769029,,,,1,1,Top,,,,,,,6.42001829126498,-133.82259355577463,2.244531363210779,-17.95652647790434,29.007145267275572,-33.63254281053268,3.522785433,1.777854331,162,81.7,69,93.0,1887,6.9,823244,672275,669477,650333,656305,642715,671218,664056,808982,53.6,,,,,,,,2,5,Sinker,0,0,0,0,0,0,0,0,Strategic,Standard,242,0.006,-0.092,71.8,7.0,,,0.092,88.0,0,0,0.512,0.488,29,34,30,34,1,0,,,6,2,2.76,1.38,1.38,20.1,12.55513761313656,-3.60332362476534,36.14871583432427,35.063382331814665,26.3894871803502
185,SI,2026-03-25,92.8,-1.66,4.98,"Webb, Logan",592450,657277,,ball,,,,,12,,R,R,R,SF,NYY,B,,,2,1,2026,-1.62,0.14,0.9942044339155224,3.6363665305237465,,,,1,1,Top,,,,,,,10.398025869470636,-134.71919849791578,2.25162323678968,-22.01935035850828,29.708203091783545,-31.249188189959717,3.522785433,1.777854331,,,,93.5,1958,6.9,823244,672275,669477,650333,656305,642715,671218,664056,808982,53.61,,,,,,,,2,4,Sinker,0,0,0,0,0,0,0,0,Strategic,Standard,252,-0.008,0.128,,,,,-0.128,,0,0,0.52,0.48,29,34,30,34,1,0,,,6,2,2.52,1.62,1.62,20.7,,,,,
193,CH,2026-03-25,86.8,-1.82,4.76,"Webb, Logan",592450,657277,,ball,,,,,7,,R,R,R,SF,NYY,B,,,1,1,2026,-0.61,-0.52,-0.7686901385893657,1.8411338419245384,,,,1,1,Top,,,,,,,3.8023551495273833,-126.60691919311586,0.3377725338989845,-7.332821339103534,20.52513596810089,-38.05028564270106,3.522785433,1.777854331,,,,88.6,1442,6.9,823244,672275,669477,650333,656305,642715,671218,664056,808982,53.65,,,,,,,,2,3,Changeup,0,0,0,0,0,0,0,0,Strategic,Standard,274,-0.003,0.056,,,,,-0.056,,0,0,0.523,0.477,29,34,30,34,1,0,,,6,2,3.48,0.61,0.61,18.9,,,,,
196,CH,2026-03-25,88.3,-1.78,4.81,"Webb, Logan",592450,657277,,ball,,,,,14,,R,R,R,SF,NYY,B,,,0,1,2026,-1.05,-0.44,2.328145392213141,0.718349205056434,,,,1,1,Top,,,,,,,12.211547877895422,-128.11146479089973,-2.7343129875508216,-13.953423544729883,24.05091301401097,-36.70938021242517,3.522785433,1.777854331,,,,89.5,1618,7.0,823244,672275,669477,650333,656305,642715,671218,664056,808982,53.49,,,,,,,,2,2,Changeup,0,0,0,0,0,0,0,0,Strategic,Standard,275,-0.001,0.032,,,,,-0.032,,0,0,0.524,0.476,29,34,30,34,1,0,,,6,2,3.36,1.05,1.05,17.7,,,,,
205,SI,2026-03-25,92.5,-1.73,5.05,"Webb, Logan",592450,657277,,called_strike,,,,,11,,R,R,R,SF,NYY,S,,,0,0,2026,-1.48,0.12,-0.6782456185926895,3.789285093050404,,,,1,1,Top,,,,,,,5.97091062144452,-134.52864574354973,2.5203741104614634,-19.208613948466255,29.37321081309617,-31.52839710730233,3.522785433,1.777854331,,,,93.1,1938,6.7,823244,672275,669477,650333,656305,642715,671218,664056,808982,53.81,,,,,,,,2,1,Sinker,0,0,0,0,0,0,0,0,Strategic,Standard,243,0.002,-0.041,,,,,0.041,,0,0,0.522,0.478,29,34,30,34,1,0,,,6,2,2.55,1.48,1.48,22.9,,,,,
215,FF,2026-03-25,93.6,-1.67,5.07,"Webb, Logan",663757,657277,strikeout,swinging_strike,,,,,3,Trent Grisham strikes out swinging.,R,L,R,SF,NYY,S,2,,1,2,2026,-0.93,0.79,0.3025772135706008,3.1325540217453365,,,,0,1,Top,,,,,,,7.172133712572154,-136.12559932939592,-0.8834216178729132,-13.105460356416303,29.242691492149323,-22.2932474159965,3.138385827,1.583858268,,,,94.6,2005,6.8,823244,672275,669477,650333,656305,642715,671218,664056,808982,53.66,,0.0,0.0,1,0,0,,1,6,4-Seam Fastball,0,0,0,0,0,0,0,0,Infield shade,Standard,242,0.015,-0.186,72.9,7.4,0.632105988,,0.186,,0,0,0.507,0.493,29,29,30,30,1,0,,,6,2,1.81,0.93,-0.93,22.0,15.601772695830844,6.257514086067701,29.11639852809446,34.02384107165114,19.836724885623862
223,CH,2026-03-25,86.9,-1.97,4.78,"Webb, Logan",663757,657277,,foul,,,,,14,,R,L,R,SF,NYY,S,,,1,2,2026,-0.99,-0.43,0.6226496437589311,1.2335328668369754,,,,0,1,Top,,,,,,,8.280477807634336,-126.34124987883764,-1.235228387376184,-12.182517571532475,23.81535127511334,-36.81671631287978,3.138385827,1.583858268,4,9.6,51,88.2,1491,7.0,823244,672275,669477,650333,656305,642715,671218,664056,808982,53.55,,,,,,,,1,5,Changeup,0,0,0,0,0,0,0,0,Infield shade,Standard,274,0.0,0.0,71.4,8.3,,,0.0,88.0,0,0,0.507,0.493,29,29,30,30,1,0,,,6,2,3.44,0.99,-0.99,17.7,28.8421991188576,-21.231754224347164,35.41348020244205,30.56434979501984,38.876456894072014
230,CH,2026-03-25,87.1,-2.04,4.81,"Webb, Logan",663757,657277,,foul,,,,,8,,R,L,R,SF,NYY,S,,,1,2,2026,-1.11,-0.55,-0.0950603838829391,1.5147799997519886,,,,0,1,Top,,,,,,,6.994467947354359,-126.76956171685865,-0.4187184096089777,-13.370484595647335,24.17317185073966,-38.23950352775192,3.138385827,1.583858268,,,,88.2,1582,6.8,823244,672275,669477,650333,656305,642715,671218,664056,808982,53.71,,,,,,,,1,4,Changeup,0,0,0,0,0,0,0,0,Infield shade,Standard,274,0.0,0.0,68.0,8.1,,,0.0,,0,0,0.507,0.493,29,29,30,30,1,0,,,6,2,3.53,1.11,-1.11,18.1,38.92241443354494,9.191064392876362,33.248133446120214,38.87018258427655,29.350390397815588
237,FF,2026-03-25,92.9,-1.72,5.04,"Webb, Logan",663757,657277,,ball,,,,,11,,R,L,R,SF,NYY,B,,,0,2,2026,-1.04,0.8,-0.5300195722634236,3.911511097903825,,,,0,1,Top,,,,,,,5.382789726523182,-135.2066182621692,1.2650415555543228,-13.900158104919702,29.428079314877948,-22.854585800722607,3.138385827,1.583858268,,,,94.0,2062,6.9,823244,672275,669477,650333,656305,642715,671218,664056,808982,53.6,,,,,,,,1,3,4-Seam Fastball,0,0,0,0,0,0,0,0,Infield shade,Standard,235,-0.002,0.022,,,,,-0.022,,0,0,0.509,0.491,29,29,30,30,1,0,,,6,2,1.84,1.04,-1.04,21.4,,,,,
248,CH,2026-03-25,85.4,-1.99,4.83,"Webb, Logan",663757,657277,,swinging_strike,,,,,14,,R,L,R,SF,NYY,S,,,0,1,2026,-0.95,-0.66,0.3049467396299761,1.310579256152015,,,,0,1,Top,,,,,,,7.368144780119808,-124.33878042533532,-0.4810708465766088,-11.28875320123199,22.285370693592785,-39.22517198772077,3.138385827,1.583858268,,,,86.7,1577,6.8,823244,672275,669477,650333,656305,642715,671218,664056,808982,53.68,,,,,,,,1,2,Changeup,0,0,0,0,0,0,0,0,Infield shade,Standard,278,0.006,-0.053,73.6,8.3,1.300371624,,0.053,,0,0,0.503,0.497,29,29,30,30,1,0,,,6,2,3.76,0.95,-0.95,18.8,21.89734886477345,-18.599866635718158,31.769215729246618,34.71161233654517,33.07650178024569
257,SI,2026-03-25,92.7,-1.84,5.07,"Webb, Logan",663757,657277,,called_strike,,,,,2,,R,L,R,SF,NYY,S,,,0,0,2026,-1.9,0.25,-0.1097647042449729,3.1848132280474264,,,,0,1,Top,,,,,,,8.677222306111572,-134.73341603491988,0.5840508907076846,-25.08309402718833,28.394498101002966,-29.44561300631772,3.138385827,1.583858268,,,,93.5,1926,6.8,823244,672275,669477,650333,656305,642715,671218,664056,808982,53.74,,,,,,,,1,1,Sinker,0,0,0,0,0,0,0,0,Infield shade,Standard,251,0.003,-0.041,,,,,0.041,,0,0,0.5,0.5,29,29,30,30,1,0,,,6,2,2.4,1.9,-1.9,22.2,,,,,
